# Host: localhost  (Version: 5.5.53)
# Date: 2019-06-19 18:18:33
# Generator: MySQL-Front 5.3  (Build 4.234)

/*!40101 SET NAMES utf8 */;

#
# Structure for table "ydb_about"
#

DROP TABLE IF EXISTS `ydb_about`;
CREATE TABLE `ydb_about` (
  `id` int(11) NOT NULL AUTO_INCREMENT,
  `title` varchar(50) NOT NULL DEFAULT '',
  `detail` text NOT NULL,
  PRIMARY KEY (`id`)
) ENGINE=MyISAM AUTO_INCREMENT=2 DEFAULT CHARSET=utf8 COMMENT='关于平台';

#
# Data for table "ydb_about"
#

/*!40000 ALTER TABLE `ydb_about` DISABLE KEYS */;
INSERT INTO `ydb_about` VALUES (1,'一元夺宝','<p>一元夺宝，超好玩有意思的夺宝APP。。。</p>');
/*!40000 ALTER TABLE `ydb_about` ENABLE KEYS */;

#
# Structure for table "ydb_admin"
#

DROP TABLE IF EXISTS `ydb_admin`;
CREATE TABLE `ydb_admin` (
  `id` int(11) NOT NULL AUTO_INCREMENT,
  `username` varchar(50) NOT NULL DEFAULT '',
  `realname` varchar(50) DEFAULT NULL,
  `password` varchar(255) DEFAULT NULL,
  `phone` varchar(50) NOT NULL DEFAULT '',
  `add_time` varchar(255) DEFAULT NULL COMMENT '加入时间',
  `status` tinyint(1) NOT NULL DEFAULT '0' COMMENT '是否启用0 启用1 禁用',
  PRIMARY KEY (`id`)
) ENGINE=MyISAM AUTO_INCREMENT=11 DEFAULT CHARSET=utf8;

#
# Data for table "ydb_admin"
#

/*!40000 ALTER TABLE `ydb_admin` DISABLE KEYS */;
INSERT INTO `ydb_admin` VALUES (1,'admin','王大山','e10adc3949ba59abbe56e057f20f883e','13676908046','1558342180',0),(10,'john','王大伟','e10adc3949ba59abbe56e057f20f883e','15824368869','1558584352',0);
/*!40000 ALTER TABLE `ydb_admin` ENABLE KEYS */;

#
# Structure for table "ydb_admin_role"
#

DROP TABLE IF EXISTS `ydb_admin_role`;
CREATE TABLE `ydb_admin_role` (
  `id` int(11) NOT NULL AUTO_INCREMENT,
  `aid` varchar(255) DEFAULT NULL COMMENT '后台用户id',
  `rid` varchar(255) DEFAULT NULL COMMENT '角色id',
  PRIMARY KEY (`id`)
) ENGINE=MyISAM AUTO_INCREMENT=7 DEFAULT CHARSET=utf8;

#
# Data for table "ydb_admin_role"
#

/*!40000 ALTER TABLE `ydb_admin_role` DISABLE KEYS */;
INSERT INTO `ydb_admin_role` VALUES (1,'1','1'),(2,'2','1'),(3,'5','2'),(4,'6','1'),(5,'8','2'),(6,'9','2');
/*!40000 ALTER TABLE `ydb_admin_role` ENABLE KEYS */;

#
# Structure for table "ydb_balancelog"
#

DROP TABLE IF EXISTS `ydb_balancelog`;
CREATE TABLE `ydb_balancelog` (
  `id` int(11) NOT NULL AUTO_INCREMENT,
  `user_id` int(11) NOT NULL DEFAULT '0',
  `withdraw_id` int(11) DEFAULT NULL,
  `type` tinyint(1) NOT NULL DEFAULT '0' COMMENT '0充值1消费2提现',
  `changenum` decimal(6,0) DEFAULT NULL COMMENT '变化量',
  `userbalance` decimal(6,0) DEFAULT NULL COMMENT '用户余额',
  `addtime` int(11) NOT NULL DEFAULT '0',
  PRIMARY KEY (`id`)
) ENGINE=MyISAM AUTO_INCREMENT=12 DEFAULT CHARSET=utf8 ROW_FORMAT=FIXED;

#
# Data for table "ydb_balancelog"
#

/*!40000 ALTER TABLE `ydb_balancelog` DISABLE KEYS */;
INSERT INTO `ydb_balancelog` VALUES (1,1,0,0,20,20,1558574108),(2,1,NULL,1,10,10,1558937258),(3,1,NULL,1,0,10,1560220081),(4,1,NULL,1,0,10,1560220084),(5,1,NULL,1,0,10,1560220087),(6,1,NULL,0,10,30,1560761082),(7,2,NULL,0,15,15,1560767280);
/*!40000 ALTER TABLE `ydb_balancelog` ENABLE KEYS */;

#
# Structure for table "ydb_commissionlog"
#

DROP TABLE IF EXISTS `ydb_commissionlog`;
CREATE TABLE `ydb_commissionlog` (
  `id` int(11) NOT NULL AUTO_INCREMENT,
  `user_id` int(11) NOT NULL DEFAULT '0',
  `withdraw_id` int(11) DEFAULT NULL,
  `type` tinyint(1) NOT NULL DEFAULT '0' COMMENT '0推广奖励1任务奖励2提现',
  `changenum` decimal(6,0) DEFAULT NULL,
  `usercommission` decimal(6,0) DEFAULT NULL,
  `addtime` int(11) NOT NULL DEFAULT '0',
  PRIMARY KEY (`id`)
) ENGINE=MyISAM AUTO_INCREMENT=3 DEFAULT CHARSET=utf8 ROW_FORMAT=FIXED;

#
# Data for table "ydb_commissionlog"
#

/*!40000 ALTER TABLE `ydb_commissionlog` DISABLE KEYS */;
INSERT INTO `ydb_commissionlog` VALUES (1,1,NULL,0,10,10,1558574515);
/*!40000 ALTER TABLE `ydb_commissionlog` ENABLE KEYS */;

#
# Structure for table "ydb_config"
#

DROP TABLE IF EXISTS `ydb_config`;
CREATE TABLE `ydb_config` (
  `id` int(11) NOT NULL AUTO_INCREMENT,
  `appkey` varchar(50) NOT NULL DEFAULT '',
  `secretKey` varchar(50) NOT NULL DEFAULT '',
  `signName` varchar(50) NOT NULL DEFAULT '',
  `SmsTemplateCode` varchar(50) NOT NULL DEFAULT '',
  `variable` varchar(50) NOT NULL DEFAULT '',
  `sms_aliyun` varchar(100) DEFAULT NULL,
  `sms_alidayu` varchar(100) DEFAULT NULL,
  `choose` tinyint(1) NOT NULL DEFAULT '0',
  PRIMARY KEY (`id`)
) ENGINE=MyISAM AUTO_INCREMENT=2 DEFAULT CHARSET=utf8 COMMENT='配置表';

#
# Data for table "ydb_config"
#

/*!40000 ALTER TABLE `ydb_config` DISABLE KEYS */;
INSERT INTO `ydb_config` VALUES (1,'LTAIwxKUz31wUyw2','VrpsPNqMIafTyj3jNcPQquvvD118ce','大山886','手机验证码模板','code',NULL,NULL,2);
/*!40000 ALTER TABLE `ydb_config` ENABLE KEYS */;

#
# Structure for table "ydb_dreamfund"
#

DROP TABLE IF EXISTS `ydb_dreamfund`;
CREATE TABLE `ydb_dreamfund` (
  `id` int(11) NOT NULL AUTO_INCREMENT,
  `fund_name` varchar(20) NOT NULL DEFAULT '',
  `fund_pic` varchar(50) NOT NULL DEFAULT '',
  `perprice` varchar(50) NOT NULL DEFAULT '' COMMENT '每人次参与价格',
  `summoney` varchar(50) NOT NULL DEFAULT '' COMMENT '基金总金额',
  `neednumber` decimal(6,0) DEFAULT NULL,
  `joinnumber` decimal(6,0) DEFAULT NULL COMMENT '已参与次数',
  `surplusnumber` decimal(6,0) DEFAULT NULL COMMENT '剩余次数',
  `winnumber` varchar(50) DEFAULT NULL,
  `starttime` int(11) NOT NULL DEFAULT '0' COMMENT '开始时间',
  `endtime` int(11) NOT NULL DEFAULT '0' COMMENT '截止时间',
  `status` tinyint(1) NOT NULL DEFAULT '0' COMMENT '0抢购中1已结束',
  PRIMARY KEY (`id`)
) ENGINE=MyISAM AUTO_INCREMENT=4 DEFAULT CHARSET=utf8;

#
# Data for table "ydb_dreamfund"
#

/*!40000 ALTER TABLE `ydb_dreamfund` DISABLE KEYS */;
INSERT INTO `ydb_dreamfund` VALUES (1,'梦想助力基金','/Public/Uploads/2019-06-09/5cfcd4023368b.jpg','1','8000',8000,8000,0,'59708553',1560071696,1560075668,1),(2,'发展基金','/Public/Uploads/2019-06-09/5cfcd4023554a.jpeg','2','8000',4000,4000,0,'36427854',1560128400,1560852000,1),(3,'青年基金','/Public/Uploads/2019-06-11/5cff5a5ae125e.png','1','',3000,0,3000,NULL,1560301200,1560852000,0);
/*!40000 ALTER TABLE `ydb_dreamfund` ENABLE KEYS */;

#
# Structure for table "ydb_duobao"
#

DROP TABLE IF EXISTS `ydb_duobao`;
CREATE TABLE `ydb_duobao` (
  `id` int(11) NOT NULL AUTO_INCREMENT,
  `good_id` int(11) NOT NULL DEFAULT '0',
  `good_no` int(11) NOT NULL DEFAULT '0' COMMENT '期数',
  `good_name` varchar(20) NOT NULL DEFAULT '',
  `good_pic` varchar(50) NOT NULL DEFAULT '',
  `perprice` varchar(50) NOT NULL DEFAULT '' COMMENT '每人次参与价格',
  `neednumber` decimal(6,0) DEFAULT NULL,
  `joinnumber` decimal(6,0) DEFAULT NULL COMMENT '已参与次数',
  `surplusnumber` decimal(6,0) DEFAULT NULL COMMENT '剩余次数',
  `winnumber` varchar(50) DEFAULT NULL,
  `starttime` int(11) NOT NULL DEFAULT '0' COMMENT '开始时间',
  `endtime` int(11) NOT NULL DEFAULT '0' COMMENT '截止时间',
  `status` tinyint(1) NOT NULL DEFAULT '0' COMMENT '0抢购中1已结束',
  PRIMARY KEY (`id`)
) ENGINE=MyISAM AUTO_INCREMENT=15 DEFAULT CHARSET=utf8 ROW_FORMAT=FIXED;

#
# Data for table "ydb_duobao"
#

/*!40000 ALTER TABLE `ydb_duobao` DISABLE KEYS */;
INSERT INTO `ydb_duobao` VALUES (1,1,1,'OPPO A37','/Public/Uploads/2019-05-21/5ce3b0f38c5d3.jpg','1',2064,2064,0,'02456896',1558434994,1559034935,1),(10,1,2,'OPPO A37','/Public/Uploads/2019-05-21/5ce3b0f38c5d3.jpg','2',2064,2064,0,'89528876',1558837080,1559638898,1),(11,5,1,'华为荣耀9','/Public/Uploads/2019-05-26/5cea5e659aaaf.jpg','1',1700,1700,0,'53298350',1558952220,1559305020,1),(12,4,1,'华为荣耀10','/Public\\Uploads\\2019-05-24/5ce74fe44d737.jpg','1',2000,2000,0,'03654832',1559696400,1560592800,1),(13,1,3,'OPPO A37','/Public/Uploads/2019-05-21/5ce3b0f38c5d3.jpg','1',2064,0,2064,NULL,1559698200,1561026645,0),(14,5,2,'华为荣耀9','/Public/Uploads/2019-05-26/5cea5e659aaaf.jpg','1',1700,0,1700,NULL,1560301200,1561026645,0);
/*!40000 ALTER TABLE `ydb_duobao` ENABLE KEYS */;

#
# Structure for table "ydb_fundjoindetail"
#

DROP TABLE IF EXISTS `ydb_fundjoindetail`;
CREATE TABLE `ydb_fundjoindetail` (
  `id` int(11) NOT NULL AUTO_INCREMENT,
  `fund_id` int(11) NOT NULL DEFAULT '0',
  `buy_count` decimal(6,0) DEFAULT NULL COMMENT '购买个数',
  `lucky_number` text NOT NULL COMMENT '幸运码',
  `user_id` int(11) NOT NULL DEFAULT '0',
  `jointime` int(11) NOT NULL DEFAULT '0',
  PRIMARY KEY (`id`)
) ENGINE=MyISAM AUTO_INCREMENT=1204 DEFAULT CHARSET=utf8 COMMENT='梦想基金参与明细';

#
# Data for table "ydb_fundjoindetail"
#

/*!40000 ALTER TABLE `ydb_fundjoindetail` DISABLE KEYS */;
INSERT INTO `ydb_fundjoindetail` VALUES (1,2,2,'02483696,36854932',1,1560073432),(2,1,10,'59701833,59707301,59709753,59708052,59701884,59708992,59707862,59709523,59707543,59709891',7,1560075970),(3,1,10,'59709751,59708937,59705028,59701844,59708388,59704889,59703059,59708193,59701241,59709471',7,1560075970),(4,1,10,'59705852,59702782,59708280,59703278,59704129,59708955,59708973,59707403,59702106,59709556',7,1560075970),(5,1,10,'59705289,59702441,59708503,59709929,59703697,59709484,59709539,59701916,59706166,59709127',7,1560075970),(6,1,10,'59704933,59708863,59701164,59704463,59707902,59704612,59708660,59703087,59709167,59703508',7,1560075970),(7,1,10,'59708123,59708091,59703945,59706394,59701521,59709070,59709956,59709614,59704324,59709117',7,1560075970),(8,1,10,'59704418,59705012,59709499,59706827,59705049,59706932,59705517,59705292,59707070,59707216',7,1560075970),(9,1,10,'59703345,59703107,59701198,59702210,59709452,59703365,59709652,59701756,59707807,59704660',7,1560075970),(10,1,10,'59705150,59702199,59704880,59701086,59709913,59704382,59702637,59709237,59705658,59704649',7,1560075970),(11,1,10,'59707549,59705206,59705604,59703843,59703584,59705587,59709470,59707309,59706211,59704474',7,1560075970),(12,1,10,'59703475,59706891,59708399,59709461,59705337,59707931,59707615,59705641,59701276,59702274',7,1560075970),(13,1,10,'59705830,59709608,59709009,59704264,59709511,59706456,59705756,59705744,59702628,59703779',7,1560075970),(14,1,10,'59709235,59703058,59709650,59704670,59705666,59706049,59705544,59707723,59703766,59702062',7,1560075970),(15,1,10,'59705780,59707032,59707755,59709941,59703327,59701191,59708352,59708028,59704653,59702293',7,1560075970),(16,1,10,'59709775,59706168,59702727,59708932,59702742,59709705,59704018,59706202,59709474,59701481',7,1560075970),(17,1,10,'59701495,59701696,59702687,59704842,59701625,59707509,59704602,59702630,59706379,59704234',7,1560075970),(18,1,10,'59705937,59709190,59704225,59703965,59701911,59707366,59706131,59705295,59701241,59702500',7,1560075970),(19,1,10,'59709566,59702319,59708149,59704437,59707500,59702630,59704351,59709520,59706400,59709322',7,1560075970),(20,1,10,'59703066,59709594,59708236,59702988,59704014,59701001,59701476,59704723,59702414,59702586',7,1560075970),(21,1,10,'59706089,59704120,59706983,59701693,59701544,59704272,59703941,59708165,59707810,59703775',7,1560075970),(22,1,10,'59702006,59709346,59704354,59705720,59705398,59706080,59702147,59708703,59704834,59703710',7,1560075970),(23,1,10,'59707657,59706817,59704534,59703081,59704852,59707655,59704217,59709535,59709202,59705312',7,1560075970),(24,1,10,'59708100,59705918,59704674,59707380,59706904,59706571,59706738,59707955,59704846,59703340',7,1560075970),(25,1,10,'59708363,59705629,59701646,59701568,59707018,59703497,59701522,59702099,59704670,59709151',7,1560075970),(26,1,10,'59704192,59701276,59707789,59707687,59704877,59708943,59709343,59706697,59703294,59703445',7,1560075970),(27,1,10,'59706802,59709276,59703662,59703624,59702134,59705016,59705700,59705824,59701808,59706013',7,1560075970),(28,1,10,'59704626,59701890,59707792,59701859,59709160,59706165,59708556,59704648,59705521,59701492',7,1560075970),(29,1,10,'59706067,59703975,59702426,59702216,59706796,59702932,59704095,59709180,59703710,59709114',7,1560075970),(30,1,10,'59701246,59709729,59703278,59707614,59707098,59704705,59707469,59706027,59703371,59708452',7,1560075970),(31,1,10,'59704752,59707445,59703282,59703815,59706096,59701463,59706550,59705136,59708969,59709174',7,1560075970),(32,1,10,'59708395,59704261,59706340,59702173,59708534,59706532,59704677,59701552,59702187,59703793',7,1560075970),(33,1,10,'59705951,59705906,59707073,59701388,59707628,59709328,59709410,59709161,59702679,59701413',7,1560075970),(34,1,10,'59708917,59705455,59706571,59703253,59709812,59709115,59703274,59704443,59702815,59707483',7,1560075970),(35,1,10,'59708257,59708076,59701144,59701404,59705487,59703746,59704518,59705222,59701434,59703547',7,1560075970),(36,1,10,'59708155,59701780,59707067,59706073,59702775,59705422,59701854,59705417,59701596,59707992',7,1560075970),(37,1,10,'59705764,59709173,59704337,59705833,59707266,59702435,59706217,59708789,59708328,59701797',7,1560075970),(38,1,10,'59706954,59704205,59706420,59701352,59701768,59701923,59703510,59708694,59708376,59707288',7,1560075970),(39,1,10,'59706066,59708917,59703998,59703142,59707058,59709615,59706352,59703831,59703955,59704881',7,1560075970),(40,1,10,'59701658,59701198,59707724,59702309,59707633,59709586,59706835,59704993,59701497,59702839',7,1560075970),(41,1,10,'59703257,59702527,59709969,59704301,59703458,59707004,59701267,59705816,59709407,59708018',7,1560075970),(42,1,10,'59702109,59703728,59709573,59708662,59707716,59707880,59705924,59707532,59708804,59705615',7,1560075970),(43,1,10,'59704930,59707720,59709594,59706779,59708559,59707820,59709804,59707714,59705279,59701926',7,1560075970),(44,1,10,'59704653,59709264,59706061,59706631,59702859,59707773,59708371,59707030,59708641,59704085',7,1560075970),(45,1,10,'59705180,59701716,59703718,59703543,59702955,59702783,59701308,59706992,59703666,59708824',7,1560075970),(46,1,10,'59701132,59701775,59704781,59704934,59707406,59706735,59708269,59707706,59701850,59709217',7,1560075970),(47,1,10,'59702599,59702233,59706683,59701064,59707739,59705111,59703623,59705620,59703159,59701431',7,1560075970),(48,1,10,'59705890,59705729,59708827,59707789,59704201,59706734,59704212,59709278,59702776,59709479',7,1560075970),(49,1,10,'59709282,59704491,59701334,59701309,59703506,59705523,59704092,59701066,59706854,59701966',7,1560075970),(50,1,10,'59701771,59705095,59707793,59705916,59707588,59705239,59708293,59706965,59703263,59706841',7,1560075970),(51,1,10,'59705822,59708208,59702014,59701747,59702349,59708237,59703560,59704299,59704343,59701148',7,1560075970),(52,1,10,'59703119,59706342,59704773,59703533,59709411,59704218,59701107,59709486,59708654,59707772',7,1560075970),(53,1,10,'59704314,59708602,59709567,59704348,59702863,59703973,59707369,59703788,59707722,59703195',7,1560075970),(54,1,10,'59701778,59702438,59707360,59709359,59706013,59701141,59703747,59703061,59701793,59705240',7,1560075970),(55,1,10,'59703350,59705393,59702337,59706579,59708139,59705950,59707363,59701502,59706582,59707825',7,1560075970),(56,1,10,'59703090,59708853,59709649,59709613,59707238,59706976,59705807,59705406,59706024,59705713',7,1560075970),(57,1,10,'59706025,59702799,59708167,59701410,59707773,59704885,59708887,59703909,59704019,59701259',7,1560075970),(58,1,10,'59707901,59709555,59701232,59704013,59709430,59701191,59701380,59702742,59704190,59702161',7,1560075970),(59,1,10,'59701933,59709539,59705402,59704309,59704859,59704999,59703784,59703978,59707626,59701214',7,1560075970),(60,1,10,'59703554,59702013,59703204,59705779,59704432,59703757,59707061,59703787,59701636,59701053',7,1560075970),(61,1,10,'59703167,59702832,59703885,59708246,59706989,59706008,59706397,59708179,59702497,59702909',7,1560075970),(62,1,10,'59708892,59706195,59705159,59705628,59706589,59703140,59707944,59703759,59708205,59704356',7,1560075970),(63,1,10,'59708321,59709396,59708959,59701688,59708258,59703133,59708572,59709478,59705225,59706063',7,1560075970),(64,1,10,'59702260,59701571,59701189,59707780,59707743,59701311,59702621,59702378,59702240,59709541',7,1560075970),(65,1,10,'59702488,59706451,59703470,59704605,59707259,59705092,59706650,59705346,59709904,59705895',7,1560075970),(66,1,10,'59702501,59708109,59707890,59702954,59704240,59704738,59703187,59703863,59702586,59709575',7,1560075970),(67,1,10,'59702263,59702714,59701759,59705465,59707087,59707104,59701477,59706751,59706128,59702123',7,1560075970),(68,1,10,'59705958,59705278,59701354,59704368,59705922,59706389,59708235,59707931,59705587,59701927',7,1560075970),(69,1,10,'59701739,59702406,59704671,59706237,59706334,59708887,59707395,59702162,59705990,59707967',7,1560075970),(70,1,10,'59704476,59704047,59707176,59702741,59709133,59703733,59702859,59709802,59703085,59706567',7,1560075970),(71,1,10,'59708509,59705244,59708551,59704390,59708095,59705660,59707249,59702548,59708085,59705145',7,1560075970),(72,1,10,'59703398,59701883,59701449,59702291,59705717,59707740,59703654,59709194,59709425,59702962',7,1560075970),(73,1,10,'59707669,59706447,59705240,59701893,59701964,59706142,59706382,59705377,59706507,59706875',7,1560075970),(74,1,10,'59703568,59709757,59709766,59702739,59701018,59706878,59704712,59701327,59707451,59702082',7,1560075970),(75,1,10,'59706811,59705734,59709085,59705214,59709034,59705552,59705638,59703618,59708848,59703877',7,1560075970),(76,1,10,'59701330,59707137,59708223,59708301,59704880,59703115,59704627,59703919,59702506,59701396',7,1560075970),(77,1,10,'59709029,59707323,59702927,59707323,59709898,59703609,59701361,59703740,59709203,59709369',7,1560075970),(78,1,10,'59706528,59704991,59704412,59709697,59704646,59702920,59706493,59703188,59704434,59702871',7,1560075970),(79,1,10,'59703917,59701934,59701111,59705687,59707651,59704531,59703395,59707712,59706165,59705070',7,1560075970),(80,1,10,'59706505,59709789,59701427,59702146,59701160,59708263,59708905,59707854,59709579,59703977',7,1560075970),(81,1,10,'59703569,59702786,59704480,59702276,59709887,59708036,59708083,59704002,59702828,59704199',7,1560075970),(82,1,10,'59702105,59705499,59706862,59703367,59708766,59707612,59705955,59704135,59709784,59706683',7,1560075970),(83,1,10,'59706578,59709596,59709379,59703558,59701699,59709345,59707269,59703579,59706787,59706474',7,1560075970),(84,1,10,'59707672,59707590,59705810,59708578,59701307,59702935,59705238,59709750,59701394,59708458',7,1560075970),(85,1,10,'59707038,59708584,59707651,59702502,59708681,59708175,59706296,59703911,59703134,59707114',7,1560075970),(86,1,10,'59706049,59709030,59705866,59708498,59702128,59709701,59709847,59701918,59703252,59702269',7,1560075970),(87,1,10,'59703544,59708469,59704640,59705577,59706926,59708745,59706010,59706969,59708463,59705839',7,1560075970),(88,1,10,'59702581,59707289,59701123,59707345,59703072,59702880,59709375,59707357,59702702,59703586',7,1560075970),(89,1,10,'59708188,59704469,59701189,59705752,59704029,59701774,59702752,59701220,59707869,59706866',7,1560075970),(90,1,10,'59707110,59704334,59708175,59704839,59709482,59706939,59706918,59703287,59709587,59705378',7,1560075970),(91,1,10,'59701564,59705303,59702642,59709495,59703083,59709481,59706368,59706633,59708945,59709915',7,1560075970),(92,1,10,'59706982,59706636,59703116,59705198,59704203,59705848,59701067,59707425,59702251,59705113',7,1560075970),(93,1,10,'59704766,59706189,59709844,59709775,59702682,59704584,59704200,59702677,59705784,59701204',7,1560075970),(94,1,10,'59703039,59707162,59702540,59708142,59701579,59706076,59703918,59705992,59708539,59704761',7,1560075970),(95,1,10,'59707389,59706848,59701137,59704061,59705920,59709303,59706093,59709320,59705980,59707452',7,1560075970),(96,1,10,'59709625,59703382,59709539,59708888,59702452,59709590,59705064,59707704,59706793,59701789',7,1560075970),(97,1,10,'59703525,59702496,59704366,59703321,59702390,59705356,59708390,59706032,59703628,59705877',7,1560075970),(98,1,10,'59709584,59706264,59704708,59707155,59703167,59704861,59707599,59707782,59706858,59707167',7,1560075970),(99,1,10,'59709769,59701853,59706874,59705025,59704186,59705961,59702936,59703781,59706321,59705200',7,1560075970),(100,1,10,'59708261,59704276,59709141,59707163,59704568,59702856,59701116,59705944,59705077,59709363',7,1560075970),(101,1,10,'59702213,59709138,59709505,59702142,59709903,59701838,59704073,59709035,59708152,59709637',7,1560075970),(102,1,10,'59706497,59708388,59703432,59708630,59702998,59701044,59706709,59706409,59702294,59701346',7,1560075970),(103,1,10,'59706453,59706070,59708603,59701138,59704632,59706205,59703645,59705765,59707716,59709908',7,1560075970),(104,1,10,'59709638,59707069,59708673,59706774,59708301,59701394,59704972,59708895,59703853,59707585',7,1560075970),(105,1,10,'59707581,59705866,59705012,59703985,59704970,59709781,59706997,59709438,59708106,59701232',7,1560075970),(106,1,10,'59709527,59702287,59705460,59701315,59707821,59701376,59707999,59708622,59701597,59703049',7,1560075970),(107,1,10,'59704192,59708247,59704075,59708150,59705008,59707785,59705972,59704022,59707916,59701328',7,1560075970),(108,1,10,'59702508,59709510,59705885,59705471,59702402,59702957,59705383,59705307,59709871,59703206',7,1560075970),(109,1,10,'59708379,59708431,59706636,59706602,59703342,59708935,59705914,59704988,59701240,59705414',7,1560075970),(110,1,10,'59707425,59703708,59708542,59709961,59706386,59703606,59709218,59703170,59702518,59701025',7,1560075970),(111,1,10,'59709736,59706136,59709038,59705810,59703064,59708450,59707666,59705303,59704671,59704209',7,1560075970),(112,1,10,'59702620,59709350,59707526,59701004,59702619,59705292,59709098,59701930,59702882,59702975',7,1560075970),(113,1,10,'59702356,59705581,59703127,59707742,59702768,59706050,59707573,59702437,59703303,59701931',7,1560075970),(114,1,10,'59706939,59701403,59701430,59705318,59705444,59705485,59708117,59705805,59702806,59702025',7,1560075970),(115,1,10,'59702834,59706485,59703244,59709868,59705549,59705952,59706478,59707358,59704730,59707300',7,1560075970),(116,1,10,'59707725,59704338,59702347,59709123,59706704,59706152,59704869,59705514,59707634,59704643',7,1560075970),(117,1,10,'59705263,59704067,59701235,59705156,59709999,59707876,59709724,59708534,59703046,59706534',7,1560075970),(118,1,10,'59705821,59702122,59708872,59703136,59702743,59704762,59702446,59705275,59709211,59703798',7,1560075970),(119,1,10,'59708237,59707045,59702442,59709075,59701213,59707040,59709156,59707936,59705844,59708353',7,1560075970),(120,1,10,'59706571,59701224,59706098,59709578,59703406,59703284,59708444,59704808,59703879,59705959',7,1560075970),(121,1,10,'59705850,59701639,59707710,59705593,59704785,59703163,59701117,59703030,59707219,59707974',7,1560075970),(122,1,10,'59701819,59703614,59701619,59701165,59705035,59708187,59707955,59708332,59701483,59704095',7,1560075970),(123,1,10,'59705695,59705567,59704382,59701180,59705808,59709463,59704452,59704787,59705763,59705116',7,1560075970),(124,1,10,'59705910,59706759,59707528,59709118,59708475,59703440,59708573,59706564,59707366,59704674',7,1560075970),(125,1,10,'59701866,59705047,59702303,59706804,59702876,59707661,59706503,59701675,59704571,59703999',7,1560075970),(126,1,10,'59701685,59703629,59704420,59706155,59701069,59704511,59704393,59703724,59704373,59709665',7,1560075970),(127,1,10,'59701957,59708799,59706815,59701934,59708082,59701973,59708115,59704662,59702236,59704340',7,1560075970),(128,1,10,'59703490,59709692,59704389,59705495,59701661,59704370,59703008,59708531,59706846,59707537',7,1560075970),(129,1,10,'59709062,59703041,59709762,59706538,59702021,59701119,59705631,59702217,59701853,59701360',7,1560075970),(130,1,10,'59703168,59708918,59706027,59706856,59706595,59709484,59707511,59707202,59706629,59709258',7,1560075970),(131,1,10,'59703774,59705492,59707489,59709086,59705786,59709318,59708895,59705310,59702014,59703776',7,1560075970),(132,1,10,'59706063,59707774,59703428,59705458,59707715,59703822,59707497,59708458,59709067,59703298',7,1560075970),(133,1,10,'59707188,59702371,59709839,59702546,59708971,59708289,59705250,59702408,59705815,59706807',7,1560075970),(134,1,10,'59704019,59708230,59704187,59701018,59701363,59702855,59706058,59707517,59706003,59709625',7,1560075970),(135,1,10,'59708896,59702396,59704156,59702387,59705670,59702250,59704542,59704482,59702847,59701172',7,1560075970),(136,1,10,'59702379,59707754,59702398,59706756,59706385,59708549,59701790,59704097,59702781,59707708',7,1560075970),(137,1,10,'59702993,59709786,59709283,59701577,59703476,59708920,59703112,59708998,59705206,59709090',7,1560075970),(138,1,10,'59701986,59708316,59705653,59704391,59701124,59709374,59706786,59702417,59709244,59708516',7,1560075970),(139,1,10,'59706073,59706261,59703565,59706585,59705483,59705517,59701806,59708927,59702485,59703279',7,1560075970),(140,1,10,'59708186,59707383,59708047,59707141,59704423,59707299,59701639,59702196,59703736,59709517',7,1560075970),(141,1,10,'59703228,59705038,59705845,59701381,59701285,59709761,59705967,59701736,59706777,59705959',7,1560075970),(142,1,10,'59703821,59706925,59708173,59705725,59703627,59708792,59707443,59707653,59705102,59703680',7,1560075970),(143,1,10,'59702054,59705837,59703466,59701433,59702976,59707870,59707438,59707395,59707677,59707847',7,1560075970),(144,1,10,'59703235,59704410,59709126,59704361,59708578,59706822,59704792,59709506,59709684,59706473',7,1560075970),(145,1,10,'59705643,59703876,59706273,59708709,59709149,59708564,59702563,59705373,59708278,59704164',7,1560075970),(146,1,10,'59707273,59701808,59709498,59702769,59706621,59707858,59705779,59702975,59709327,59701867',7,1560075970),(147,1,10,'59703590,59707874,59701610,59702679,59704898,59707060,59701187,59706637,59707174,59703626',7,1560075970),(148,1,10,'59703277,59705586,59703384,59705168,59707600,59704868,59708999,59705777,59709375,59705329',7,1560075970),(149,1,10,'59707988,59704049,59708319,59703310,59706818,59703077,59708652,59708658,59707458,59701454',7,1560075970),(150,1,10,'59701092,59708714,59707378,59702275,59707859,59704322,59708546,59704133,59701670,59709828',7,1560075970),(151,1,10,'59708430,59701121,59704745,59708073,59709001,59709835,59707803,59704403,59707725,59706366',7,1560075970),(152,1,10,'59706061,59708660,59706573,59707310,59708240,59708188,59703012,59706760,59709557,59703832',7,1560075970),(153,1,10,'59708012,59703309,59709732,59709935,59701041,59709051,59703983,59709341,59702068,59704581',7,1560075970),(154,1,10,'59701028,59707393,59708562,59701992,59705088,59704935,59704492,59708877,59706880,59707312',7,1560075970),(155,1,10,'59705326,59701330,59701623,59706366,59704033,59704946,59707036,59707441,59707081,59704817',7,1560075970),(156,1,10,'59709337,59702382,59707441,59708538,59708246,59705532,59702579,59701203,59707982,59708734',7,1560075970),(157,1,10,'59703466,59708404,59708262,59708333,59707569,59706237,59704306,59705173,59707858,59702294',7,1560075970),(158,1,10,'59704832,59704596,59701801,59708669,59705059,59707447,59709368,59705957,59704707,59701069',7,1560075970),(159,1,10,'59701026,59706250,59707993,59704307,59705744,59708143,59705636,59704504,59702992,59705729',7,1560075970),(160,1,10,'59701856,59702503,59703738,59706603,59705370,59703649,59705451,59704857,59702398,59708785',7,1560075970),(161,1,10,'59701099,59708086,59701659,59705255,59706152,59701383,59707371,59702903,59704577,59701342',7,1560075970),(162,1,10,'59701252,59707072,59702845,59702057,59705523,59709607,59702923,59702122,59701901,59706850',7,1560075970),(163,1,10,'59702280,59704630,59703605,59708647,59702886,59708176,59701354,59702339,59702208,59706852',7,1560075970),(164,1,10,'59708366,59706772,59702215,59708253,59706361,59709289,59709377,59706472,59708557,59701734',7,1560075970),(165,1,10,'59707662,59709103,59705673,59707450,59703539,59701240,59701928,59709282,59707977,59708477',7,1560075970),(166,1,10,'59706040,59703572,59709443,59706907,59704229,59709165,59709908,59704124,59705212,59704405',7,1560075970),(167,1,10,'59706840,59703222,59704209,59708135,59702207,59702795,59709938,59707698,59702478,59705936',7,1560075970),(168,1,10,'59708619,59703940,59709622,59702239,59708969,59702203,59703109,59703798,59706208,59703331',7,1560075970),(169,1,10,'59702905,59709206,59709055,59703669,59706481,59703558,59703728,59704059,59706805,59703447',7,1560075970),(170,1,10,'59707945,59709845,59701346,59702967,59707927,59703872,59701073,59709712,59703390,59709483',7,1560075970),(171,1,10,'59703454,59708775,59707555,59709521,59701457,59707750,59702140,59709331,59701553,59709730',7,1560075970),(172,1,10,'59709364,59709756,59705709,59704311,59701945,59707140,59702394,59703585,59702102,59702327',7,1560075970),(173,1,10,'59702578,59706145,59709554,59709661,59703728,59706087,59701519,59702984,59707814,59702004',7,1560075970),(174,1,10,'59704718,59705642,59703304,59705988,59705367,59709477,59701167,59707635,59703186,59701834',7,1560075970),(175,1,10,'59707872,59701038,59702394,59701556,59707388,59702790,59702709,59704987,59706183,59706986',7,1560075970),(176,1,10,'59708351,59703971,59706225,59703219,59701037,59703851,59704985,59703582,59702987,59705471',7,1560075970),(177,1,10,'59704430,59706671,59704920,59705176,59702030,59706577,59702053,59703808,59708752,59701896',7,1560075970),(178,1,10,'59703107,59706712,59704067,59704721,59703299,59705731,59707941,59704645,59702349,59706209',7,1560075970),(179,1,10,'59708846,59704762,59704475,59708989,59708748,59703667,59709396,59701416,59705117,59704453',7,1560075970),(180,1,10,'59703330,59702334,59708921,59705713,59703997,59708085,59708630,59701541,59706615,59701514',7,1560075970),(181,1,10,'59706212,59708532,59701903,59705965,59708136,59702778,59703079,59704281,59707370,59709874',7,1560075970),(182,1,10,'59709864,59701805,59701384,59705914,59708474,59708383,59701145,59707490,59707629,59702357',7,1560075970),(183,1,10,'59704124,59708698,59702548,59702571,59703288,59708130,59701949,59705369,59705106,59708880',7,1560075970),(184,1,10,'59701051,59702595,59702547,59709542,59708574,59708593,59702080,59704211,59701735,59706205',7,1560075970),(185,1,10,'59705674,59709479,59707253,59709777,59701797,59701440,59702348,59702151,59701418,59705688',7,1560075970),(186,1,10,'59704737,59706672,59702006,59707318,59709641,59706183,59705529,59704922,59707776,59706028',7,1560075970),(187,1,10,'59709457,59701594,59703363,59707051,59706757,59704928,59705120,59705596,59703900,59709018',7,1560075970),(188,1,10,'59708265,59702505,59702853,59703458,59703518,59703124,59701085,59709341,59704097,59708295',7,1560075971),(189,1,10,'59709565,59707262,59709721,59705363,59707762,59709313,59706608,59704171,59706645,59705089',7,1560075971),(190,1,10,'59703478,59701063,59703682,59706683,59704549,59705882,59709842,59703689,59709541,59705974',7,1560075971),(191,1,10,'59704594,59708201,59704670,59702180,59707906,59709813,59707657,59708845,59708248,59702618',7,1560075971),(192,1,10,'59704721,59708814,59707588,59703210,59704579,59707428,59703394,59705683,59702451,59705533',7,1560075971),(193,1,10,'59706636,59708631,59707055,59708472,59705783,59706147,59704611,59708088,59702802,59705825',7,1560075971),(194,1,10,'59703836,59709726,59704163,59701759,59708951,59705230,59702835,59701542,59701672,59708942',7,1560075971),(195,1,10,'59705286,59708269,59704220,59703707,59704485,59702533,59707313,59703869,59706901,59705428',7,1560075971),(196,1,10,'59706169,59701270,59705503,59706548,59709508,59701256,59706758,59708985,59703548,59704669',7,1560075971),(197,1,10,'59703637,59702335,59706007,59707854,59702608,59707691,59703106,59702655,59705639,59705647',7,1560075971),(198,1,10,'59703562,59703414,59701199,59708296,59702594,59701976,59709258,59705231,59708921,59703684',7,1560075971),(199,1,10,'59709283,59708548,59708762,59709383,59703244,59707840,59701835,59706415,59706609,59706199',7,1560075971),(200,1,10,'59701359,59704626,59703347,59702221,59707053,59709357,59708927,59707999,59705136,59703454',7,1560075971),(201,1,10,'59707317,59704126,59704326,59701260,59704987,59702697,59708843,59703619,59703905,59702305',7,1560075971),(202,1,10,'59709404,59706874,59701540,59706043,59701229,59702870,59708860,59703507,59702037,59705949',7,1560075971),(203,1,10,'59705334,59706788,59707046,59707957,59701932,59705482,59706974,59705235,59705121,59702682',7,1560075971),(204,1,10,'59706041,59707629,59707871,59705981,59703966,59702482,59707650,59709473,59704967,59708638',7,1560075971),(205,1,10,'59706428,59702753,59708763,59704440,59701672,59706913,59701572,59708732,59704351,59702549',7,1560075971),(206,1,10,'59701114,59708859,59702935,59701752,59702607,59705663,59708392,59703118,59705770,59704488',7,1560075971),(207,1,10,'59709191,59709739,59705822,59706179,59707300,59702210,59702481,59707079,59709188,59701625',7,1560075971),(208,1,10,'59708966,59708031,59707825,59706576,59706996,59705380,59709678,59702159,59709790,59708970',7,1560075971),(209,1,10,'59707717,59704966,59708066,59706143,59708411,59709091,59706044,59706744,59704727,59704128',7,1560075971),(210,1,10,'59703441,59707116,59703135,59702172,59704477,59708104,59705604,59701815,59708870,59706050',7,1560075971),(211,1,10,'59709602,59706151,59702840,59701800,59708097,59704774,59704105,59709696,59707560,59709779',7,1560075971),(212,1,10,'59707883,59703582,59709959,59701758,59704893,59706802,59703761,59701805,59708355,59702200',7,1560075971),(213,1,10,'59708937,59708514,59708987,59704119,59704954,59706979,59702007,59704404,59702782,59704794',7,1560075971),(214,1,10,'59705135,59708397,59708890,59705052,59704589,59707943,59707245,59706348,59709088,59708386',7,1560075971),(215,1,10,'59704317,59702774,59704850,59701569,59702075,59701925,59709595,59701836,59706987,59706894',7,1560075971),(216,1,10,'59709542,59701031,59703022,59707275,59704408,59704497,59705649,59706162,59707412,59704078',7,1560075971),(217,1,10,'59707836,59702149,59709275,59705119,59707053,59707329,59705213,59708462,59705267,59702296',7,1560075971),(218,1,10,'59703946,59701452,59708949,59708144,59709693,59702931,59702066,59705467,59704173,59709245',7,1560075971),(219,1,10,'59709087,59706358,59709603,59703237,59704982,59709411,59707704,59708250,59705218,59708720',7,1560075971),(220,1,10,'59702693,59707128,59702765,59702878,59703289,59705216,59704091,59703980,59704712,59703356',7,1560075971),(221,1,10,'59702165,59701619,59706680,59706892,59703456,59707889,59704411,59707669,59709932,59703384',7,1560075971),(222,1,10,'59706625,59702029,59701063,59709196,59708540,59708818,59705817,59705921,59709875,59706378',7,1560075971),(223,1,10,'59703662,59705652,59705848,59704553,59705568,59706983,59705179,59708687,59709004,59704006',7,1560075971),(224,1,10,'59703086,59701624,59706937,59704317,59708288,59706707,59705838,59702009,59707004,59706781',7,1560075971),(225,1,10,'59707673,59704676,59707952,59707189,59709914,59706410,59706351,59708774,59705527,59705807',7,1560075971),(226,1,10,'59701920,59707881,59709982,59705960,59707878,59705353,59707247,59705462,59705944,59706534',7,1560075971),(227,1,10,'59703792,59707408,59709335,59703268,59701585,59701391,59708772,59709898,59707094,59708504',7,1560075971),(228,1,10,'59708472,59709268,59704290,59709343,59708154,59706723,59708639,59706999,59703038,59703105',7,1560075971),(229,1,10,'59704112,59709068,59701841,59703759,59706176,59709642,59708784,59709528,59707801,59707317',7,1560075971),(230,1,10,'59705583,59707756,59706455,59705184,59705459,59708286,59704107,59701839,59708130,59707463',7,1560075971),(231,1,10,'59707226,59709374,59708814,59706131,59708781,59708385,59707231,59709632,59706240,59701963',7,1560075971),(232,1,10,'59707599,59709811,59701572,59706704,59709637,59703012,59701245,59707700,59708564,59708077',7,1560075971),(233,1,10,'59707230,59703546,59704098,59703352,59707993,59706336,59709458,59707680,59705505,59705662',7,1560075971),(234,1,10,'59706363,59708404,59706233,59704619,59708032,59706368,59703147,59701802,59705183,59706916',7,1560075971),(235,1,10,'59702715,59709302,59702036,59701892,59706907,59707714,59707308,59705640,59704190,59709133',7,1560075971),(236,1,10,'59707219,59701002,59705533,59703151,59701488,59702324,59708406,59701862,59703332,59701448',7,1560075971),(237,1,10,'59705777,59703860,59703472,59703719,59704115,59703240,59706125,59709980,59705388,59707593',7,1560075971),(238,1,10,'59702011,59707575,59707066,59702016,59704347,59706348,59702117,59703100,59703854,59702643',7,1560075971),(239,1,10,'59706009,59704940,59704749,59706302,59702712,59706130,59706752,59704671,59707694,59709763',7,1560075971),(240,1,10,'59705081,59707592,59704925,59705434,59708455,59702410,59709872,59705235,59703093,59707968',7,1560075971),(241,1,10,'59706504,59707760,59706713,59702610,59701291,59707105,59705534,59705179,59705201,59701861',7,1560075971),(242,1,10,'59708275,59703020,59706703,59704123,59701155,59705977,59707766,59703485,59701892,59701392',7,1560075971),(243,1,10,'59705857,59703040,59705705,59708110,59702947,59701382,59703313,59704475,59705504,59701605',7,1560075971),(244,1,10,'59707935,59709330,59706496,59702302,59701290,59701019,59703392,59706568,59705595,59707385',7,1560075971),(245,1,10,'59707161,59703997,59702571,59706773,59706273,59706681,59705435,59709027,59702694,59704214',7,1560075971),(246,1,10,'59704907,59701489,59702895,59708691,59705204,59703004,59708845,59709705,59706047,59709915',7,1560075971),(247,1,10,'59709010,59701350,59702653,59705067,59705362,59709219,59703742,59702803,59704368,59709407',7,1560075971),(248,1,10,'59704532,59703966,59707996,59709507,59704742,59704901,59704717,59703613,59708590,59706451',7,1560075971),(249,1,10,'59705498,59708319,59706796,59704961,59707809,59708717,59703578,59701273,59704617,59703403',7,1560075971),(250,1,10,'59707655,59709731,59702392,59704470,59705246,59704179,59703103,59701511,59705069,59707962',7,1560075971),(251,1,10,'59704218,59706621,59702343,59703922,59707706,59709393,59705788,59706404,59702036,59703921',7,1560075971),(252,1,10,'59701621,59707251,59707177,59706798,59707561,59702807,59702597,59703119,59709827,59702916',7,1560075971),(253,1,10,'59708264,59709477,59708139,59703921,59703649,59701965,59706714,59706667,59708719,59706178',7,1560075971),(254,1,10,'59705271,59707496,59702944,59707210,59708030,59707253,59706291,59703654,59705709,59702282',7,1560075971),(255,1,10,'59707231,59707603,59702526,59702426,59707731,59708653,59707200,59704029,59705260,59709895',7,1560075971),(256,1,10,'59705951,59707935,59701787,59709925,59707497,59701487,59703781,59702835,59707057,59703529',7,1560075971),(257,1,10,'59704211,59705220,59704348,59701405,59709544,59702174,59703591,59704960,59703751,59701290',7,1560075971),(258,1,10,'59704504,59701535,59702300,59705661,59702306,59709976,59707159,59704882,59705715,59708626',7,1560075971),(259,1,10,'59706798,59702046,59709950,59707328,59703184,59704748,59705730,59702427,59702788,59707080',7,1560075971),(260,1,10,'59706274,59703766,59707577,59707637,59702301,59707690,59706020,59709513,59707028,59706041',7,1560075971),(261,1,10,'59709086,59702300,59702175,59704163,59705244,59707094,59709961,59702901,59705463,59704487',7,1560075971),(262,1,10,'59703105,59707597,59707211,59706573,59703824,59701097,59703457,59702946,59702839,59706743',7,1560075971),(263,1,10,'59709670,59705701,59704367,59707379,59709818,59704429,59708128,59708349,59701371,59702227',7,1560075971),(264,1,10,'59709339,59701497,59704296,59706686,59707721,59701166,59707064,59702901,59707492,59708200',7,1560075971),(265,1,10,'59702642,59707466,59708369,59709944,59706499,59705474,59705573,59707240,59702604,59704520',7,1560075971),(266,1,10,'59707822,59705433,59706426,59707696,59701335,59705366,59701934,59704596,59703830,59703383',7,1560075971),(267,1,10,'59704596,59707316,59701526,59709328,59707381,59705447,59703142,59701544,59707758,59702084',7,1560075971),(268,1,10,'59703897,59707875,59707695,59704821,59703509,59706666,59704662,59707751,59706197,59707759',7,1560075971),(269,1,10,'59709627,59709468,59702681,59707498,59702058,59704066,59706178,59706728,59701925,59708138',7,1560075971),(270,1,10,'59707407,59701792,59706697,59706779,59701588,59702534,59709341,59707583,59706438,59705297',7,1560075971),(271,1,10,'59707327,59704641,59708177,59701925,59702624,59705550,59706524,59706762,59701700,59704402',7,1560075971),(272,1,10,'59705696,59702652,59706524,59708791,59705414,59703939,59705565,59703811,59709895,59702466',7,1560075971),(273,1,10,'59709792,59706055,59709859,59703576,59707672,59709618,59709524,59708115,59701176,59704093',7,1560075971),(274,1,10,'59708609,59703425,59705772,59701574,59702332,59708350,59705428,59709655,59708413,59701234',7,1560075971),(275,1,10,'59706613,59704428,59704070,59709921,59702297,59702489,59707022,59703754,59707947,59706931',7,1560075971),(276,1,10,'59703488,59701578,59707533,59707347,59702186,59708736,59707523,59706832,59707336,59708071',7,1560075971),(277,1,10,'59709886,59703979,59709655,59704928,59703091,59701882,59704363,59709150,59707107,59708134',7,1560075971),(278,1,10,'59709178,59708081,59701401,59707830,59701319,59702565,59705944,59708562,59707506,59706945',7,1560075971),(279,1,10,'59709204,59704426,59704956,59704065,59704149,59703014,59702388,59708270,59706248,59707421',7,1560075971),(280,1,10,'59704022,59702402,59708471,59707240,59709576,59709806,59708285,59705564,59705268,59704325',7,1560075971),(281,1,10,'59707660,59709989,59708818,59709302,59704064,59705606,59706444,59707583,59708467,59709011',7,1560075971),(282,1,10,'59706864,59704510,59709336,59705296,59705299,59709928,59708640,59702056,59701466,59702179',7,1560075971),(283,1,10,'59703849,59702385,59708584,59709108,59705931,59704875,59708372,59709059,59703355,59703622',7,1560075971),(284,1,10,'59705048,59702874,59707089,59706218,59707332,59704899,59705602,59706757,59701443,59706977',7,1560075971),(285,1,10,'59709864,59703834,59705098,59705451,59708342,59709541,59704516,59701165,59703006,59704473',7,1560075971),(286,1,10,'59708418,59708463,59709325,59709724,59703020,59701189,59702266,59705886,59706042,59702686',7,1560075971),(287,1,10,'59706299,59705055,59703704,59704799,59705393,59705822,59704722,59703871,59706016,59702284',7,1560075971),(288,1,10,'59704317,59709745,59701137,59702032,59702206,59709766,59706224,59708161,59702609,59704777',7,1560075971),(289,1,10,'59705248,59701265,59705245,59709122,59704675,59702438,59705332,59705645,59706476,59701272',7,1560075971),(290,1,10,'59702588,59708689,59708118,59709862,59701234,59701099,59702571,59708802,59709987,59706217',7,1560075971),(291,1,10,'59705304,59701185,59706066,59706889,59709284,59703605,59707189,59708456,59702981,59701157',7,1560075971),(292,1,10,'59708577,59702764,59706364,59701432,59709947,59704156,59707901,59707526,59706518,59704476',7,1560075971),(293,1,10,'59709561,59709033,59707009,59709067,59708813,59709045,59706639,59709774,59707625,59706156',7,1560075971),(294,1,10,'59705126,59702939,59703467,59703462,59706690,59707407,59707306,59708554,59702048,59701522',7,1560075971),(295,1,10,'59707613,59706527,59704420,59704127,59706355,59704974,59704524,59702566,59701001,59706990',7,1560075971),(296,1,10,'59706580,59706682,59702521,59702168,59701305,59703820,59708382,59702602,59701919,59703824',7,1560075971),(297,1,10,'59702554,59706886,59708141,59703036,59709505,59709113,59706189,59702301,59704204,59707877',7,1560075971),(298,1,10,'59704781,59706962,59702120,59706272,59708138,59708864,59705221,59702891,59706976,59704350',7,1560075971),(299,1,10,'59701977,59709829,59705516,59703263,59703356,59707679,59703476,59701948,59706826,59708535',7,1560075971),(300,1,10,'59705075,59701248,59705358,59701990,59701031,59706507,59705418,59709139,59704563,59709569',7,1560075971),(301,1,10,'59708976,59701575,59706390,59706778,59704502,59709392,59701730,59707976,59702962,59704183',7,1560075971),(302,1,10,'59708303,59709509,59701828,59707043,59703328,59703219,59703066,59707565,59704522,59703451',7,1560075971),(303,1,10,'59704146,59708843,59707105,59702048,59707036,59709470,59701795,59704354,59709206,59703541',7,1560075971),(304,1,10,'59701812,59702213,59703624,59707648,59706873,59709968,59705759,59706887,59703198,59701464',7,1560075971),(305,1,10,'59708579,59708850,59708506,59709043,59709553,59707632,59709014,59706550,59701651,59701826',7,1560075971),(306,1,10,'59704443,59708329,59709340,59703525,59708010,59706223,59707590,59702324,59701435,59705576',7,1560075971),(307,1,10,'59702869,59701317,59706936,59707231,59706146,59708097,59706231,59707534,59705890,59707757',7,1560075971),(308,1,10,'59703541,59707326,59704070,59707892,59707583,59702952,59707154,59702596,59704576,59704256',7,1560075971),(309,1,10,'59708111,59708461,59703239,59707582,59704409,59701583,59707790,59704773,59707019,59707554',7,1560075971),(310,1,10,'59708949,59701173,59704407,59702468,59701935,59706625,59707544,59702920,59704465,59708474',7,1560075971),(311,1,10,'59704897,59703002,59702759,59707563,59707436,59701309,59705535,59709236,59703629,59709935',7,1560075971),(312,1,10,'59708012,59705337,59704446,59709472,59709910,59701210,59707354,59703015,59706446,59706698',7,1560075971),(313,1,10,'59705322,59707158,59706339,59709144,59704820,59706995,59704809,59709394,59707816,59701118',7,1560075971),(314,1,10,'59701573,59703789,59702779,59701622,59709851,59702176,59709677,59707101,59702362,59709896',7,1560075971),(315,1,10,'59707980,59702649,59701324,59709794,59708656,59704858,59706456,59707213,59709173,59707823',7,1560075971),(316,1,10,'59703976,59702997,59702501,59701138,59702604,59702491,59704108,59705896,59706558,59706537',7,1560075971),(317,1,10,'59706964,59702691,59706557,59702480,59708536,59703618,59706819,59709163,59701794,59707268',7,1560075971),(318,1,10,'59707064,59704930,59702206,59707737,59702510,59708625,59702741,59703619,59701876,59707591',7,1560075971),(319,1,10,'59709867,59707006,59709381,59702672,59707555,59707492,59706743,59708213,59702271,59708172',7,1560075971),(320,1,10,'59707182,59707056,59704986,59707640,59701415,59704545,59704168,59708988,59702662,59701525',7,1560075971),(321,1,10,'59701785,59701810,59701641,59703339,59704306,59707201,59702572,59701831,59704701,59705754',7,1560075971),(322,1,10,'59705172,59702344,59709437,59709563,59704662,59705722,59702483,59708222,59709758,59708309',7,1560075971),(323,1,10,'59708310,59704824,59706681,59701949,59701884,59706963,59704148,59709986,59707675,59708733',7,1560075971),(324,1,10,'59706380,59706263,59709651,59708727,59704094,59705123,59705282,59701040,59701508,59707412',7,1560075971),(325,1,10,'59705535,59702265,59707343,59709472,59707881,59706496,59707817,59703147,59705287,59703326',7,1560075971),(326,1,10,'59702648,59702781,59704223,59704850,59705055,59709218,59706656,59709661,59705757,59709801',7,1560075971),(327,1,10,'59701056,59702853,59708973,59705375,59707392,59701019,59705421,59701282,59705132,59707254',7,1560075971),(328,1,10,'59708320,59707368,59705245,59702151,59708389,59701975,59705200,59706804,59709847,59703947',7,1560075971),(329,1,10,'59706966,59701806,59703412,59709628,59708011,59708252,59702304,59701861,59701304,59706734',7,1560075971),(330,1,10,'59706240,59703992,59702313,59709348,59701440,59707862,59704008,59705686,59705623,59709817',7,1560075971),(331,1,10,'59703858,59707843,59705006,59701699,59703830,59705412,59708310,59706852,59701395,59701486',7,1560075971),(332,1,10,'59701752,59708121,59707520,59703660,59703052,59701849,59701674,59706028,59707428,59706880',7,1560075971),(333,1,10,'59703826,59707183,59705599,59701557,59702445,59701218,59701783,59704724,59708500,59704728',7,1560075971),(334,1,10,'59704700,59703726,59701458,59702807,59709568,59708405,59701290,59703047,59707106,59706105',7,1560075971),(335,1,10,'59705464,59708544,59701533,59706671,59706948,59708890,59701567,59706446,59703212,59707179',7,1560075971),(336,1,10,'59702427,59706273,59705223,59702006,59703832,59702497,59701452,59705463,59701001,59704962',7,1560075971),(337,1,10,'59702866,59707145,59702652,59701010,59706934,59701146,59704005,59709486,59706625,59704058',7,1560075971),(338,1,10,'59704777,59708733,59708408,59709976,59709188,59708596,59705252,59708494,59707956,59705418',7,1560075971),(339,1,10,'59703625,59702706,59705301,59709042,59705496,59709204,59709940,59706813,59708334,59704083',7,1560075971),(340,1,10,'59708094,59708574,59705107,59703937,59708479,59701669,59702285,59702859,59706316,59704942',7,1560075971),(341,1,10,'59701835,59708444,59701323,59705736,59701228,59705784,59706718,59704896,59702431,59702474',7,1560075971),(342,1,10,'59704221,59707764,59702913,59701607,59707050,59706186,59704643,59701777,59705924,59705503',7,1560075971),(343,1,10,'59705091,59706078,59705061,59706561,59706223,59704104,59704181,59705703,59705510,59707948',7,1560075971),(344,1,10,'59707503,59703773,59704920,59707205,59705744,59706114,59701922,59704967,59703123,59704571',7,1560075971),(345,1,10,'59707484,59708828,59708361,59704486,59701076,59703883,59707674,59706704,59702666,59706726',7,1560075971),(346,1,10,'59709782,59707569,59709722,59702449,59709904,59707924,59706214,59707646,59707759,59704112',7,1560075971),(347,1,10,'59707611,59707412,59707564,59705979,59706880,59709340,59709040,59709867,59701491,59707524',7,1560075971),(348,1,10,'59707404,59707620,59702413,59709558,59702375,59704583,59707114,59709535,59707173,59701598',7,1560075971),(349,1,10,'59708563,59706049,59703516,59704009,59704229,59702194,59704622,59703661,59705081,59705563',7,1560075971),(350,1,10,'59701211,59705897,59708586,59701251,59706501,59702560,59707715,59705851,59702210,59707995',7,1560075971),(351,1,10,'59708936,59704457,59701559,59705045,59705217,59704662,59704265,59708054,59703027,59709561',7,1560075971),(352,1,10,'59705547,59708866,59704336,59708747,59705124,59703825,59706611,59705314,59707215,59702773',7,1560075971),(353,1,10,'59702822,59706855,59702538,59702056,59708437,59707465,59704312,59702516,59707425,59705737',7,1560075971),(354,1,10,'59703256,59709498,59706255,59704765,59703589,59705845,59706896,59703142,59705030,59705901',7,1560075971),(355,1,10,'59706815,59703963,59702796,59701510,59707983,59705820,59705607,59707015,59707868,59702809',7,1560075971),(356,1,10,'59708683,59705261,59708438,59702522,59702740,59701590,59707163,59708054,59709999,59705847',7,1560075971),(357,1,10,'59706010,59708998,59703177,59705376,59702449,59708447,59704495,59701020,59707449,59704996',7,1560075971),(358,1,10,'59704669,59707123,59709478,59701739,59707920,59706528,59701506,59706269,59704966,59704580',7,1560075971),(359,1,10,'59708000,59703679,59709025,59702123,59703929,59701564,59701817,59704499,59704763,59703018',7,1560075971),(360,1,10,'59705560,59703553,59703470,59706633,59701973,59704629,59706519,59706505,59704275,59708570',7,1560075971),(361,1,10,'59706878,59701226,59703184,59702719,59702017,59702890,59702919,59705922,59702903,59701092',7,1560075971),(362,1,10,'59703199,59705521,59707007,59707924,59708243,59702360,59707295,59703981,59708769,59701783',7,1560075971),(363,1,10,'59701239,59701357,59708997,59704634,59708805,59707644,59708644,59707257,59709463,59707937',7,1560075971),(364,1,10,'59702930,59701494,59705182,59709830,59709574,59701691,59702430,59707417,59705793,59708690',7,1560075971),(365,1,10,'59703176,59708290,59709308,59709836,59704888,59706544,59706336,59705972,59709537,59709773',7,1560075971),(366,1,10,'59705596,59702443,59705589,59703070,59702308,59709090,59704015,59703030,59705190,59704260',7,1560075971),(367,1,10,'59702282,59703745,59709460,59706794,59702360,59703810,59705838,59704038,59701718,59706318',7,1560075971),(368,1,10,'59707542,59705834,59702323,59709863,59705291,59708527,59701645,59708539,59703304,59703960',7,1560075971),(369,1,10,'59701653,59709940,59701299,59706477,59708815,59708159,59703495,59707921,59707100,59701791',7,1560075971),(370,1,10,'59709611,59704638,59702977,59702928,59705866,59706469,59707414,59701164,59709978,59709759',7,1560075971),(371,1,10,'59708881,59708594,59708166,59706353,59709346,59705812,59709149,59701592,59706277,59704910',7,1560075971),(372,1,10,'59708146,59705322,59701644,59704482,59704876,59704886,59701915,59707623,59703556,59701127',7,1560075971),(373,1,10,'59709060,59703926,59703907,59708391,59702546,59705485,59701146,59709519,59702343,59701894',7,1560075971),(374,1,10,'59703992,59709856,59705919,59705246,59707665,59701246,59706243,59705135,59702883,59707033',7,1560075971),(375,1,10,'59709784,59704655,59702864,59701059,59709510,59702399,59707328,59706670,59702891,59701462',7,1560075971),(376,1,10,'59702493,59706709,59709895,59709437,59706078,59706518,59709990,59702418,59704301,59706944',7,1560075971),(377,1,10,'59705147,59705998,59705882,59704328,59701832,59705272,59706039,59708515,59702015,59707833',7,1560075971),(378,1,10,'59704491,59706848,59703166,59707775,59705457,59709172,59707252,59703691,59708655,59702829',7,1560075971),(379,1,10,'59702742,59707676,59709304,59706665,59709605,59709323,59707124,59708021,59707310,59702725',7,1560075971),(380,1,10,'59706331,59707743,59706825,59704478,59706647,59702174,59705620,59708673,59703288,59701158',7,1560075971),(381,1,10,'59705663,59704906,59704975,59701039,59704423,59705270,59706925,59702659,59703868,59708358',7,1560075971),(382,1,10,'59708857,59702363,59701467,59708265,59705991,59709996,59708190,59703583,59707044,59703899',7,1560075971),(383,1,10,'59703504,59706408,59707237,59702918,59707379,59706332,59706286,59703396,59708283,59706450',7,1560075971),(384,1,10,'59708412,59706177,59708185,59705354,59704333,59707604,59704554,59706140,59707267,59708521',7,1560075971),(385,1,10,'59708359,59707400,59707934,59705273,59708068,59703229,59701552,59707702,59705650,59701219',7,1560075971),(386,1,10,'59705840,59703152,59707573,59704466,59707017,59701468,59706808,59702562,59704801,59707993',7,1560075971),(387,1,10,'59709821,59707601,59703411,59705570,59709583,59709178,59702566,59708544,59703561,59701385',7,1560075971),(388,1,10,'59706485,59708759,59702725,59709817,59705886,59702557,59704543,59701567,59704989,59708783',7,1560075971),(389,1,10,'59701985,59702230,59703511,59705780,59701518,59705898,59705672,59703393,59705111,59702166',7,1560075971),(390,1,10,'59702191,59706965,59701234,59703128,59706285,59708339,59709855,59707376,59708675,59703860',7,1560075971),(391,1,10,'59701443,59709005,59704578,59703371,59704966,59706609,59702714,59703216,59708894,59703281',7,1560075971),(392,1,10,'59707300,59704239,59706195,59706616,59709057,59702783,59703337,59701706,59703203,59708693',7,1560075971),(393,1,10,'59702290,59705146,59707455,59709311,59709522,59702029,59708034,59705482,59709003,59708949',7,1560075971),(394,1,10,'59704658,59702550,59707200,59702000,59701546,59701358,59706083,59706776,59707416,59707250',7,1560075971),(395,1,10,'59703120,59708370,59708487,59703070,59709280,59705376,59704478,59703161,59704031,59709889',7,1560075971),(396,1,10,'59708608,59708367,59707344,59702500,59702595,59706033,59707686,59704305,59708658,59706001',7,1560075971),(397,1,10,'59707025,59704897,59708517,59704616,59702832,59707370,59706389,59702721,59706074,59701318',7,1560075971),(398,1,10,'59701993,59705659,59705220,59707834,59708548,59705276,59702240,59707512,59707774,59706914',7,1560075971),(399,1,10,'59703601,59703446,59703888,59702417,59702273,59703230,59705610,59706130,59704724,59709957',7,1560075971),(400,1,10,'59708157,59709895,59703923,59704221,59702250,59701056,59706339,59707116,59701106,59707458',7,1560075971),(401,1,10,'59704940,59708235,59704445,59707444,59706196,59701673,59707485,59701857,59703075,59704023',7,1560075971),(402,1,10,'59709945,59705042,59702045,59709379,59707043,59708842,59705076,59707334,59707499,59709601',7,1560075971),(403,1,10,'59709637,59709983,59706531,59708163,59708695,59706919,59703858,59709872,59708720,59701236',7,1560075971),(404,1,10,'59703699,59706570,59702681,59709527,59705772,59703603,59706046,59707887,59705297,59701813',7,1560075971),(405,1,10,'59702785,59703909,59701991,59706545,59708364,59709686,59709074,59709642,59706755,59705814',7,1560075971),(406,1,10,'59708264,59707448,59704425,59704384,59703780,59709807,59703343,59703992,59704342,59704062',7,1560075971),(407,1,10,'59709977,59707731,59705167,59709057,59708297,59705194,59705974,59703137,59704772,59708476',7,1560075971),(408,1,10,'59701983,59705144,59701369,59707169,59701912,59702423,59704559,59704369,59709979,59704817',7,1560075971),(409,1,10,'59707309,59707668,59707904,59708670,59707088,59702161,59708904,59705825,59705865,59704440',7,1560075971),(410,1,10,'59703700,59701627,59701109,59708601,59705510,59705920,59703789,59704236,59705052,59706046',7,1560075971),(411,1,10,'59702373,59703440,59706545,59702850,59707829,59704805,59709708,59701676,59708628,59702427',7,1560075971),(412,1,10,'59709759,59703367,59706737,59703898,59706418,59704266,59708626,59703312,59703903,59705219',7,1560075971),(413,1,10,'59707263,59708264,59701934,59702568,59709116,59703846,59704727,59706157,59707155,59706653',7,1560075971),(414,1,10,'59703004,59703330,59707848,59701778,59709981,59703931,59704164,59705816,59707378,59704304',7,1560075971),(415,1,10,'59702572,59703859,59708414,59705291,59705041,59703502,59703808,59703238,59709039,59707838',7,1560075971),(416,1,10,'59706777,59707987,59707535,59706462,59708042,59706883,59706998,59702466,59702820,59709769',7,1560075971),(417,1,10,'59709396,59703445,59708831,59703989,59703199,59703492,59703293,59708387,59708374,59701202',7,1560075971),(418,1,10,'59703924,59701307,59704392,59708667,59705945,59701591,59702220,59706482,59709073,59705585',7,1560075971),(419,1,10,'59708327,59706740,59708527,59705131,59706682,59708035,59704025,59705574,59703755,59704461',7,1560075971),(420,1,10,'59708788,59707757,59701512,59703612,59704533,59708024,59706424,59708581,59704479,59707218',7,1560075971),(421,1,10,'59702459,59708962,59708345,59701684,59705086,59707849,59702350,59701266,59707274,59703836',7,1560075971),(422,1,10,'59704212,59702306,59706490,59709016,59709151,59705649,59704705,59703983,59707884,59707639',7,1560075971),(423,1,10,'59708386,59709831,59704631,59709119,59701503,59707154,59708110,59706433,59708525,59708045',7,1560075971),(424,1,10,'59704541,59709424,59704419,59702098,59702641,59705437,59704655,59701407,59706630,59704316',7,1560075971),(425,1,10,'59702202,59704566,59707227,59702403,59703528,59705668,59708650,59709543,59701602,59703307',7,1560075971),(426,1,10,'59701617,59704080,59702893,59709577,59708349,59704856,59709370,59705071,59701562,59708217',7,1560075971),(427,1,10,'59709500,59701884,59703477,59706005,59705254,59707609,59704812,59703565,59703100,59707340',7,1560075971),(428,1,10,'59709786,59701741,59705006,59708670,59709116,59705875,59708441,59705694,59707024,59707812',7,1560075971),(429,1,10,'59706375,59706005,59703226,59703895,59705275,59703697,59701941,59703969,59707111,59706363',7,1560075971),(430,1,10,'59702889,59704376,59709351,59708098,59701289,59705961,59704964,59707495,59705858,59705068',7,1560075971),(431,1,10,'59709419,59707647,59702816,59702540,59706685,59707150,59709881,59703721,59703229,59709095',7,1560075971),(432,1,10,'59704273,59709455,59701022,59703078,59703709,59707085,59706532,59701192,59703409,59706456',7,1560075971),(433,1,10,'59703727,59702030,59703092,59703910,59708077,59708687,59706975,59709293,59703549,59701755',7,1560075971),(434,1,10,'59705779,59709946,59705613,59702330,59703721,59706715,59707238,59709004,59709521,59704943',7,1560075971),(435,1,10,'59705893,59706872,59709397,59705474,59703545,59703526,59703067,59704651,59706664,59702062',7,1560075971),(436,1,10,'59703752,59703318,59708218,59701072,59702169,59706820,59705677,59703651,59702537,59706999',7,1560075971),(437,1,10,'59701009,59708391,59704575,59709199,59709683,59709388,59703501,59705265,59706667,59705234',7,1560075971),(438,1,10,'59708035,59709540,59707431,59708023,59704396,59704867,59704942,59707350,59701301,59705591',7,1560075971),(439,1,10,'59705671,59706307,59702970,59703555,59702585,59703489,59709121,59704104,59702153,59701989',7,1560075971),(440,1,10,'59705973,59708080,59706344,59709402,59702246,59702827,59703627,59701820,59702157,59707190',7,1560075971),(441,1,10,'59704971,59704838,59705425,59708511,59707844,59703549,59707270,59707636,59705215,59705548',7,1560075971),(442,1,10,'59707409,59709907,59703552,59704927,59701062,59707168,59704826,59709281,59705948,59704763',7,1560075971),(443,1,10,'59706503,59703703,59708285,59703536,59701554,59704788,59707792,59708830,59705446,59706628',7,1560075971),(444,1,10,'59708687,59703490,59702149,59707818,59701690,59701858,59707132,59702451,59709019,59704779',7,1560075971),(445,1,10,'59704362,59707121,59703393,59708597,59709309,59706922,59707030,59705155,59705942,59709448',7,1560075971),(446,1,10,'59701650,59708797,59709729,59708792,59709471,59702367,59704639,59703548,59703212,59709208',7,1560075971),(447,1,10,'59706141,59705810,59705092,59703164,59707203,59705172,59705829,59707580,59705295,59704727',7,1560075971),(448,1,10,'59709643,59705298,59702385,59703069,59707251,59701663,59704941,59703292,59702873,59706517',7,1560075971),(449,1,10,'59705933,59703990,59705227,59707206,59702830,59708256,59709533,59704573,59706599,59705684',7,1560075971),(450,1,10,'59706508,59703961,59705710,59708368,59709372,59706214,59702132,59705902,59708844,59707676',7,1560075971),(451,1,10,'59702333,59701379,59709142,59709191,59708282,59702393,59709984,59707103,59708448,59703037',7,1560075971),(452,1,10,'59706591,59702255,59704799,59701907,59707679,59708990,59703805,59702095,59708469,59701154',7,1560075971),(453,1,10,'59707434,59702195,59708679,59702089,59704154,59705301,59703528,59703639,59704936,59701006',7,1560075971),(454,1,10,'59701734,59702148,59707246,59701405,59707516,59707460,59704055,59705091,59702593,59706918',7,1560075971),(455,1,10,'59701830,59706158,59709183,59701367,59702541,59703199,59709007,59705150,59703656,59708309',7,1560075971),(456,1,10,'59706281,59701110,59707144,59702081,59709725,59703592,59701474,59705608,59705558,59704439',7,1560075971),(457,1,10,'59706614,59708486,59702498,59708995,59702034,59704806,59704765,59709104,59707702,59702164',7,1560075971),(458,1,10,'59703076,59701109,59703087,59703653,59701651,59703854,59708157,59707866,59709209,59704684',7,1560075971),(459,1,10,'59702381,59708898,59702967,59704441,59705729,59705341,59709646,59708470,59706668,59709291',7,1560075971),(460,1,10,'59706463,59708614,59707168,59701340,59702138,59701216,59704697,59702583,59709889,59705122',7,1560075971),(461,1,10,'59701224,59702612,59702435,59707674,59703218,59704523,59701994,59709717,59703648,59706908',7,1560075971),(462,1,10,'59708286,59707593,59708982,59703861,59707529,59702147,59703189,59702977,59708442,59707723',7,1560075971),(463,1,10,'59701738,59707348,59706244,59707163,59706597,59706570,59709653,59705813,59706235,59703734',7,1560075971),(464,1,10,'59704888,59704516,59702622,59706436,59709668,59708615,59702225,59708768,59701212,59709954',7,1560075971),(465,1,10,'59707014,59709325,59706238,59704877,59705457,59702200,59701965,59703228,59708524,59703988',7,1560075971),(466,1,10,'59706113,59701351,59704682,59708781,59704899,59709088,59704900,59706174,59707042,59704785',7,1560075971),(467,1,10,'59706648,59708260,59707762,59707284,59702894,59704634,59706776,59703930,59709107,59707388',7,1560075971),(468,1,10,'59708305,59704566,59709255,59706117,59703065,59705536,59709808,59703914,59704277,59707684',7,1560075971),(469,1,10,'59703734,59708374,59702659,59707353,59706501,59704589,59702429,59705388,59702079,59709154',7,1560075971),(470,1,10,'59703307,59707132,59705936,59707162,59709511,59704428,59702042,59706207,59702760,59702621',7,1560075971),(471,1,10,'59705864,59709383,59705272,59702554,59701372,59706284,59707767,59709570,59704034,59709003',7,1560075971),(472,1,10,'59705464,59706515,59706819,59707134,59707080,59707731,59707196,59703771,59707834,59705063',7,1560075971),(473,1,10,'59707133,59706508,59707447,59703853,59704100,59709438,59701135,59704946,59709064,59702155',7,1560075971),(474,1,10,'59706618,59704686,59701496,59705753,59701115,59703916,59701363,59709826,59702345,59707980',7,1560075971),(475,1,10,'59706134,59708467,59705525,59708721,59708779,59709270,59701376,59702484,59706765,59706329',7,1560075971),(476,1,10,'59703115,59708113,59702062,59707238,59701461,59703950,59701138,59706089,59709634,59708840',7,1560075971),(477,1,10,'59705962,59701479,59709352,59701126,59705003,59705498,59704833,59708653,59709229,59707743',7,1560075971),(478,1,10,'59704797,59709764,59707110,59702306,59704462,59705302,59709614,59705781,59703546,59709612',7,1560075971),(479,1,10,'59705209,59703262,59706270,59705537,59704865,59702342,59703351,59707422,59706051,59706116',7,1560075971),(480,1,10,'59708008,59707108,59701734,59704177,59701960,59709942,59707384,59708619,59707426,59707765',7,1560075971),(481,1,10,'59706970,59709035,59706124,59705923,59706960,59708520,59702273,59705258,59709324,59705666',7,1560075971),(482,1,10,'59704592,59702115,59702529,59703569,59708300,59706337,59706544,59709822,59704115,59705268',7,1560075971),(483,1,10,'59709839,59709517,59705257,59708752,59705382,59701250,59702443,59704132,59708641,59706114',7,1560075971),(484,1,10,'59708893,59701253,59703587,59704702,59706326,59705457,59705686,59709109,59707960,59708589',7,1560075971),(485,1,10,'59707909,59708927,59704513,59706993,59707723,59707252,59709205,59701512,59707098,59702676',7,1560075971),(486,1,10,'59703755,59706490,59703502,59707294,59701381,59704771,59707904,59701698,59701802,59701698',7,1560075971),(487,1,10,'59708773,59706984,59709236,59707115,59708078,59703744,59705403,59708366,59703287,59704072',7,1560075971),(488,1,10,'59703521,59706295,59705368,59706563,59703309,59706246,59702792,59705309,59708986,59709062',7,1560075971),(489,1,10,'59706526,59707906,59702270,59702087,59705040,59708445,59705380,59704164,59709302,59705521',7,1560075971),(490,1,10,'59709035,59702638,59707780,59702229,59708454,59707352,59702444,59706161,59703355,59705651',7,1560075971),(491,1,10,'59708762,59702411,59706958,59707377,59701703,59707574,59709980,59708874,59705737,59706742',7,1560075971),(492,1,10,'59707641,59701987,59704830,59707510,59708659,59701058,59705453,59703971,59708254,59706933',7,1560075971),(493,1,10,'59709574,59703720,59706144,59706954,59705662,59709849,59706547,59701965,59704685,59702953',7,1560075971),(494,1,10,'59709182,59706310,59704113,59704125,59709269,59702833,59705913,59702959,59706526,59705877',7,1560075971),(495,1,10,'59707556,59702550,59705171,59707286,59702009,59701489,59704924,59703405,59704741,59702873',7,1560075971),(496,1,10,'59701003,59704076,59708722,59705293,59702127,59705644,59702419,59702844,59703515,59708952',7,1560075971),(497,1,10,'59705801,59703120,59704885,59701344,59707338,59709214,59701456,59701664,59708998,59701720',7,1560075971),(498,1,10,'59701947,59706255,59708250,59701732,59701577,59706961,59707063,59707844,59709064,59709127',7,1560075971),(499,1,10,'59702904,59705149,59701627,59704595,59706744,59701241,59705985,59707709,59707050,59708214',7,1560075971),(500,1,10,'59708357,59701314,59705793,59706662,59708462,59708753,59709439,59708678,59701517,59703870',7,1560075971),(501,1,10,'59701958,59703856,59705243,59701008,59707820,59704290,59705857,59701011,59701991,59708573',7,1560075971),(502,1,10,'59703078,59709223,59708942,59701800,59701126,59708488,59703641,59709564,59708719,59704150',7,1560075971),(503,1,10,'59701557,59707959,59703075,59706052,59704659,59704579,59701914,59701537,59701415,59702517',7,1560075971),(504,1,10,'59709454,59709451,59702793,59709367,59707414,59708136,59706264,59701223,59709012,59707436',7,1560075971),(505,1,10,'59704795,59703678,59704968,59703695,59704855,59701827,59708500,59706757,59708414,59703263',7,1560075971),(506,1,10,'59701327,59703965,59703939,59702079,59705668,59705164,59702400,59705871,59703241,59706696',7,1560075971),(507,1,10,'59701265,59708731,59707265,59709407,59702503,59709252,59708459,59709639,59703583,59701530',7,1560075971),(508,1,10,'59702042,59708236,59706474,59702157,59705733,59701542,59708644,59705228,59705749,59708400',7,1560075971),(509,1,10,'59703061,59709336,59701811,59707156,59705196,59708575,59707136,59707651,59708016,59701538',7,1560075971),(510,1,10,'59703443,59706231,59708991,59709319,59703952,59703738,59701088,59703513,59708380,59705517',7,1560075971),(511,1,10,'59708778,59705213,59702948,59703410,59707027,59704012,59705372,59702763,59702307,59703005',7,1560075971),(512,1,10,'59701873,59704419,59705584,59709784,59701169,59704721,59705328,59709445,59707478,59704513',7,1560075971),(513,1,10,'59703507,59709580,59702520,59709140,59706591,59704283,59708513,59701444,59707548,59701149',7,1560075971),(514,1,10,'59707176,59704769,59703847,59703270,59702728,59701960,59706456,59709241,59703887,59707360',7,1560075971),(515,1,10,'59703845,59704156,59705872,59703813,59706981,59704607,59708402,59705662,59704335,59704690',7,1560075971),(516,1,10,'59706696,59704751,59706874,59702997,59709472,59706424,59703067,59702622,59702950,59702525',7,1560075971),(517,1,10,'59703883,59702160,59704847,59707397,59706791,59704703,59701383,59703885,59704760,59708846',7,1560075971),(518,1,10,'59701277,59706332,59704258,59708682,59708746,59706581,59707254,59702806,59705511,59709977',7,1560075971),(519,1,10,'59702217,59703310,59704789,59708363,59709115,59708789,59706300,59707083,59707417,59704336',7,1560075971),(520,1,10,'59705261,59706981,59708093,59706545,59701393,59704400,59708611,59709511,59707913,59709185',7,1560075971),(521,1,10,'59701939,59702825,59706541,59708678,59703546,59707584,59701495,59703725,59706401,59704379',7,1560075971),(522,1,10,'59701494,59708667,59707973,59705305,59701757,59706350,59701231,59708956,59702002,59702117',7,1560075971),(523,1,10,'59701643,59709425,59706448,59705812,59702178,59705306,59705814,59704778,59709305,59708693',7,1560075971),(524,1,10,'59704319,59708860,59706992,59709180,59701681,59705400,59701709,59709860,59702119,59704243',7,1560075971),(525,1,10,'59704424,59709327,59705353,59701733,59703605,59701675,59706600,59707713,59701222,59703498',7,1560075971),(526,1,10,'59705579,59709527,59703744,59708889,59706509,59708018,59704138,59707442,59709110,59708531',7,1560075971),(527,1,10,'59708874,59702251,59708599,59702909,59701921,59709909,59704696,59705497,59707747,59706511',7,1560075971),(528,1,10,'59701618,59708137,59701321,59708650,59708086,59707173,59707112,59701420,59701317,59703450',7,1560075971),(529,1,10,'59709088,59701415,59708031,59702311,59704719,59702728,59705446,59704599,59704973,59703953',7,1560075971),(530,1,10,'59702281,59706659,59707319,59708183,59702754,59709334,59704725,59705014,59706585,59708968',7,1560075971),(531,1,10,'59703660,59706538,59708992,59706405,59706094,59702349,59709694,59706989,59709494,59704540',7,1560075971),(532,1,10,'59703910,59702562,59706830,59702707,59709358,59707470,59704570,59708942,59703257,59704555',7,1560075971),(533,1,10,'59704683,59703838,59703327,59708162,59704638,59708491,59704785,59701134,59706403,59703493',7,1560075971),(534,1,10,'59707350,59706815,59707448,59709939,59706241,59708049,59709741,59708422,59701178,59701179',7,1560075971),(535,1,10,'59701751,59702036,59705378,59705050,59703446,59707374,59709560,59707004,59703295,59709530',7,1560075971),(536,1,10,'59708944,59707886,59703268,59707099,59703248,59704040,59709832,59703174,59705690,59705309',7,1560075971),(537,1,10,'59706957,59705348,59706990,59708037,59701111,59707715,59702365,59704067,59703264,59708870',7,1560075971),(538,1,10,'59709536,59707745,59701883,59702906,59705721,59701912,59707937,59706416,59708637,59709913',7,1560075971),(539,1,10,'59709896,59704494,59704506,59705592,59709728,59704735,59702043,59703293,59704902,59701231',7,1560075971),(540,1,10,'59705470,59703859,59706386,59701577,59705504,59703633,59702649,59708867,59706364,59703461',7,1560075971),(541,1,10,'59704661,59703693,59707770,59708685,59709889,59707151,59704938,59702149,59702303,59708833',7,1560075971),(542,1,10,'59706590,59707197,59706372,59702833,59707942,59706673,59706063,59705746,59708714,59705921',7,1560075971),(543,1,10,'59707846,59702664,59704125,59705783,59704690,59701182,59702894,59702605,59703062,59704393',7,1560075971),(544,1,10,'59709238,59706230,59704933,59701892,59704878,59704000,59707771,59705771,59703031,59705762',7,1560075971),(545,1,10,'59704545,59705625,59703417,59707857,59701722,59704547,59701254,59702129,59701273,59701131',7,1560075971),(546,1,10,'59705260,59702924,59709665,59707472,59701656,59702083,59701868,59704161,59708158,59704952',7,1560075971),(547,1,10,'59702351,59703295,59701987,59703373,59704081,59703465,59709861,59702691,59704528,59707766',7,1560075971),(548,1,10,'59708999,59703749,59705661,59705792,59708119,59702891,59704948,59709636,59702440,59709960',7,1560075971),(549,1,10,'59704358,59708892,59709681,59703302,59701360,59706654,59707061,59701758,59706922,59701516',7,1560075971),(550,1,10,'59703298,59701674,59709514,59705571,59702611,59703892,59702103,59708413,59704720,59704756',7,1560075971),(551,1,10,'59709160,59704136,59704842,59705111,59705652,59709334,59702696,59701300,59707048,59709100',7,1560075971),(552,1,10,'59702502,59703167,59706318,59702028,59703977,59707055,59709929,59709212,59702341,59704808',7,1560075971),(553,1,10,'59701851,59702245,59706313,59701770,59706552,59702222,59702110,59707785,59708001,59707736',7,1560075971),(554,1,10,'59707453,59701197,59703667,59703881,59708559,59709848,59704518,59707251,59705148,59703084',7,1560075971),(555,1,10,'59708024,59702939,59701438,59708748,59707153,59707539,59706148,59705183,59708373,59706144',7,1560075971),(556,1,10,'59705496,59702233,59704654,59706350,59708202,59705242,59702465,59702249,59709485,59706054',7,1560075971),(557,1,10,'59703773,59701435,59709062,59701012,59706049,59707001,59702152,59708961,59702259,59708543',7,1560075971),(558,1,10,'59706475,59708243,59707874,59709152,59708250,59708704,59706863,59707424,59707194,59706685',7,1560075971),(559,1,10,'59705693,59706452,59707527,59703033,59706333,59704829,59708967,59703089,59706253,59705650',7,1560075971),(560,1,10,'59706734,59707697,59707421,59707508,59709545,59704203,59707305,59704496,59703620,59702448',7,1560075971),(561,1,10,'59707876,59704210,59706678,59707778,59706600,59709741,59704936,59703035,59705448,59701685',7,1560075971),(562,1,10,'59707115,59702563,59701887,59701135,59708432,59707207,59706887,59706684,59708607,59704310',7,1560075971),(563,1,10,'59708916,59703426,59702858,59703716,59709943,59707956,59708903,59701768,59707437,59705367',7,1560075971),(564,1,10,'59703963,59708310,59703367,59703252,59705755,59701687,59704201,59704705,59709498,59709741',7,1560075971),(565,1,10,'59702908,59708321,59705911,59701816,59705956,59708192,59708212,59705757,59706316,59702913',7,1560075971),(566,1,10,'59707121,59708907,59701454,59704578,59706857,59703109,59702341,59702779,59707137,59702708',7,1560075971),(567,1,10,'59706444,59709612,59703181,59708548,59706733,59705669,59703707,59707971,59709676,59703044',7,1560075971),(568,1,10,'59703934,59701822,59708243,59709332,59703582,59704444,59708901,59709625,59706868,59707682',7,1560075971),(569,1,10,'59704619,59702518,59704511,59707879,59701867,59709104,59709731,59705878,59702613,59709978',7,1560075971),(570,1,10,'59704245,59707024,59704326,59708232,59701273,59703160,59708974,59702461,59709534,59708630',7,1560075971),(571,1,10,'59705027,59704758,59706246,59706278,59703452,59704717,59709127,59701447,59701720,59705432',7,1560075971),(572,1,10,'59704398,59703982,59701798,59705497,59709776,59701225,59701155,59708005,59702480,59703022',7,1560075971),(573,1,10,'59701761,59702551,59709229,59705714,59701083,59701227,59707241,59701147,59701090,59702628',7,1560075971),(574,1,10,'59705236,59703664,59708252,59709847,59707432,59705109,59706537,59703478,59704548,59701825',7,1560075971),(575,1,10,'59702414,59704615,59709803,59703657,59706852,59702852,59704915,59706947,59708318,59701282',7,1560075971),(576,1,10,'59703104,59703540,59708783,59707499,59704087,59707780,59705715,59706597,59703084,59702510',7,1560075971),(577,1,10,'59701082,59706170,59708813,59702073,59701353,59709311,59707494,59707315,59708497,59705614',7,1560075971),(578,1,10,'59707844,59705578,59701984,59707173,59705083,59706706,59701780,59703581,59707930,59707044',7,1560075971),(579,1,10,'59705356,59706933,59702603,59707434,59705680,59706822,59706820,59704220,59709221,59706342',7,1560075971),(580,1,10,'59706802,59707247,59708948,59704087,59702265,59703858,59702329,59703150,59706430,59703896',7,1560075971),(581,1,10,'59709332,59702125,59701015,59703706,59709428,59704105,59708239,59704131,59704584,59707686',7,1560075971),(582,1,10,'59709820,59701515,59701269,59706960,59709977,59705702,59701453,59709520,59708429,59704036',7,1560075971),(583,1,10,'59702603,59709462,59709394,59706359,59706689,59705379,59703593,59709017,59702179,59709363',7,1560075971),(584,1,10,'59704242,59703852,59709042,59702010,59702061,59705209,59706747,59704413,59701269,59704931',7,1560075971),(585,1,10,'59706263,59706165,59701584,59708362,59705058,59701361,59707226,59707346,59705100,59706594',7,1560075971),(586,1,10,'59708912,59707226,59703860,59706957,59701862,59708846,59703305,59701046,59703795,59708551',7,1560075971),(587,1,10,'59709905,59709952,59709928,59707183,59707627,59705271,59701982,59701087,59702942,59708096',7,1560075971),(588,1,10,'59702174,59709106,59706816,59708020,59701224,59709584,59707721,59708137,59703350,59703364',7,1560075971),(589,1,10,'59707623,59707042,59708271,59704791,59703992,59707828,59702205,59705709,59707796,59709088',7,1560075971),(590,1,10,'59702872,59702460,59707505,59704916,59705490,59704889,59705087,59702907,59709778,59709340',7,1560075971),(591,1,10,'59707011,59706153,59701954,59707656,59706245,59704249,59708739,59705180,59709259,59709289',7,1560075971),(592,1,10,'59707349,59702758,59709020,59701865,59706504,59705732,59702999,59703073,59701423,59705946',7,1560075971),(593,1,10,'59702163,59702505,59709824,59708744,59703981,59703255,59708926,59705970,59701422,59703917',7,1560075971),(594,1,10,'59707449,59702968,59709955,59707586,59709610,59709580,59704549,59703854,59706128,59704152',7,1560075971),(595,1,10,'59709672,59704815,59701223,59705526,59709293,59709063,59703612,59701047,59709881,59701693',7,1560075971),(596,1,10,'59708516,59709558,59704404,59708297,59706651,59709403,59708332,59704969,59702238,59701426',7,1560075971),(597,1,10,'59705632,59708303,59703995,59708971,59702775,59703393,59707140,59705880,59701728,59706833',7,1560075971),(598,1,10,'59702393,59706499,59708960,59703716,59702972,59702670,59708440,59701637,59708596,59708738',7,1560075971),(599,1,10,'59706637,59703688,59705483,59707546,59705520,59708464,59702353,59704438,59702557,59701058',7,1560075971),(600,1,10,'59703424,59709257,59708717,59707064,59708416,59709349,59703469,59702576,59703545,59705555',7,1560075971),(601,1,10,'59706781,59704188,59706532,59703220,59707123,59705993,59703596,59703189,59706463,59706585',7,1560075971),(602,1,10,'59703454,59701803,59702269,59709058,59701326,59708908,59705511,59703006,59705930,59702847',7,1560075971),(603,1,10,'59704658,59709522,59703486,59702463,59701677,59709200,59702711,59704101,59703038,59705134',7,1560075971),(604,1,10,'59707826,59708605,59701710,59704917,59709547,59703317,59704161,59702644,59703095,59707082',7,1560075971),(605,1,10,'59703360,59705908,59706188,59707244,59705776,59708803,59705044,59704645,59704378,59709923',7,1560075971),(606,1,10,'59708383,59704631,59705633,59703360,59702423,59708044,59702512,59705710,59704882,59702229',7,1560075971),(607,1,10,'59701483,59702066,59701981,59706030,59704514,59709022,59702437,59706789,59709074,59702671',7,1560075971),(608,1,10,'59701469,59705351,59708133,59708606,59707796,59707059,59708158,59702923,59707637,59703758',7,1560075971),(609,1,10,'59702119,59702215,59709710,59709790,59705484,59709574,59709234,59708001,59702222,59705596',7,1560075971),(610,1,10,'59705928,59703732,59707802,59702374,59704011,59706829,59706192,59707501,59703201,59704635',7,1560075971),(611,1,10,'59703862,59706072,59707718,59706994,59702780,59705680,59708279,59701249,59709415,59709418',7,1560075971),(612,1,10,'59709104,59706245,59707735,59706882,59709912,59709324,59704209,59701163,59705921,59702332',7,1560075971),(613,1,10,'59709807,59708857,59705849,59708610,59703996,59706057,59704916,59702004,59706746,59709356',7,1560075971),(614,1,10,'59702841,59705857,59706525,59703848,59703842,59703013,59705303,59706128,59707638,59707815',7,1560075971),(615,1,10,'59709547,59701288,59709447,59703107,59703226,59705924,59708989,59703234,59701810,59705127',7,1560075971),(616,1,10,'59701482,59709038,59707267,59706493,59704645,59707863,59708066,59704114,59704697,59709554',7,1560075971),(617,1,10,'59706175,59705585,59701356,59701454,59708063,59705000,59707841,59702406,59706700,59709951',7,1560075971),(618,1,10,'59705871,59708755,59708553,59705534,59708665,59703345,59706592,59708341,59706941,59709518',7,1560075971),(619,1,10,'59707286,59703466,59704919,59701119,59703602,59707503,59702316,59701491,59702010,59705547',7,1560075971),(620,1,10,'59703352,59702479,59704479,59705190,59707745,59709425,59708477,59709526,59701715,59705175',7,1560075971),(621,1,10,'59706972,59708149,59702980,59704071,59706435,59704154,59706758,59706957,59708834,59705133',7,1560075971),(622,1,10,'59703768,59701177,59702636,59705180,59707230,59705575,59707812,59702889,59707862,59707494',7,1560075971),(623,1,10,'59703829,59701354,59709882,59707779,59701657,59708169,59704010,59702772,59707765,59708427',7,1560075971),(624,1,10,'59703464,59702318,59706120,59709723,59707963,59702761,59703192,59706149,59703725,59704944',7,1560075971),(625,1,10,'59709950,59705300,59708470,59705211,59705862,59701269,59708417,59704406,59701897,59701650',7,1560075971),(626,1,10,'59703283,59707872,59704524,59709537,59706287,59707453,59706711,59705524,59708150,59708494',7,1560075971),(627,1,10,'59705928,59701704,59704088,59702837,59704142,59705671,59702821,59704827,59707824,59702519',7,1560075971),(628,1,10,'59708568,59706306,59709941,59708842,59703048,59703620,59707962,59709733,59708478,59706612',7,1560075971),(629,1,10,'59703857,59703786,59706579,59702625,59704093,59703095,59701568,59701503,59701640,59706253',7,1560075971),(630,1,10,'59702164,59708591,59702966,59707355,59703587,59706731,59701040,59704994,59705555,59701267',7,1560075971),(631,1,10,'59702331,59702264,59703286,59702044,59708807,59706759,59705500,59705404,59708938,59703571',7,1560075971),(632,1,10,'59707415,59703193,59704692,59709296,59708750,59709753,59702537,59709027,59704723,59707928',7,1560075971),(633,1,10,'59704443,59701358,59704054,59703062,59707879,59707381,59701961,59704999,59705812,59707692',7,1560075971),(634,1,10,'59707163,59701082,59704713,59705384,59705879,59701156,59706548,59708051,59706827,59701564',7,1560075971),(635,1,10,'59708789,59709785,59705226,59703149,59704402,59709182,59709795,59702256,59708857,59709335',7,1560075971),(636,1,10,'59706753,59708728,59706122,59708837,59704819,59709909,59702667,59701783,59708210,59706643',7,1560075971),(637,1,10,'59709460,59704766,59707647,59704273,59705969,59702879,59707347,59703643,59703165,59703718',7,1560075971),(638,1,10,'59707029,59701098,59707514,59701374,59701913,59706480,59702987,59703443,59709716,59707134',7,1560075971),(639,1,10,'59705051,59704017,59707659,59703903,59706676,59701692,59704458,59702131,59705330,59708559',7,1560075971),(640,1,10,'59704334,59702661,59702982,59705214,59707005,59701838,59706101,59703749,59707689,59709506',7,1560075971),(641,1,10,'59707656,59702760,59706106,59704007,59705115,59705338,59706474,59704186,59709447,59701079',7,1560075971),(642,1,10,'59708512,59706387,59709120,59702075,59707439,59702452,59706105,59706921,59702973,59706727',7,1560075971),(643,1,10,'59706868,59709711,59708333,59702055,59704380,59709037,59705238,59702779,59705108,59707994',7,1560075971),(644,1,10,'59706907,59709743,59702022,59705177,59704058,59701291,59701590,59703677,59709911,59705267',7,1560075971),(645,1,10,'59705782,59702089,59706183,59709015,59703065,59703508,59706094,59704377,59704408,59706526',7,1560075971),(646,1,10,'59709363,59705699,59707281,59705237,59702207,59704823,59704652,59707235,59702347,59707094',7,1560075971),(647,1,10,'59702990,59706615,59705000,59704355,59704263,59701968,59709886,59701950,59705941,59705391',7,1560075971),(648,1,10,'59703222,59709723,59709992,59706475,59702729,59706018,59704884,59708315,59703624,59709677',7,1560075971),(649,1,10,'59701587,59709505,59705627,59708046,59706569,59704138,59703956,59701967,59703800,59708809',7,1560075971),(650,1,10,'59707330,59705785,59708747,59708610,59701968,59702343,59705379,59702135,59705588,59705985',7,1560075971),(651,1,10,'59709166,59701480,59704409,59708554,59704076,59705236,59707150,59706395,59705578,59707498',7,1560075971),(652,1,10,'59709030,59709352,59706641,59706860,59709767,59704767,59704732,59706415,59704580,59702485',7,1560075971),(653,1,10,'59701822,59704757,59702188,59707850,59704379,59704980,59706810,59703705,59705371,59705677',7,1560075971),(654,1,10,'59709165,59704394,59702267,59709943,59704470,59701760,59706036,59707372,59701446,59701148',7,1560075971),(655,1,10,'59705148,59701056,59704310,59703402,59701569,59707589,59703782,59704864,59701770,59703066',7,1560075971),(656,1,10,'59704079,59706379,59707720,59704080,59704922,59704290,59707885,59704725,59701528,59708442',7,1560075971),(657,1,10,'59704237,59703594,59702617,59706178,59703243,59703782,59703407,59707341,59706871,59703882',7,1560075971),(658,1,10,'59703617,59708276,59703592,59706988,59707465,59709826,59704373,59702694,59705671,59708336',7,1560075971),(659,1,10,'59706684,59703092,59702453,59704648,59703492,59706778,59706530,59704106,59701267,59707845',7,1560075971),(660,1,10,'59704121,59707554,59701978,59704886,59703944,59702337,59703093,59709996,59701218,59707297',7,1560075971),(661,1,10,'59706581,59703768,59704663,59709779,59709911,59707296,59709496,59701626,59706052,59701173',7,1560075971),(662,1,10,'59706436,59706182,59701472,59706494,59708702,59706291,59707139,59703852,59707014,59707296',7,1560075971),(663,1,10,'59702524,59705340,59705589,59701042,59707594,59709553,59704146,59701871,59701819,59701585',7,1560075971),(664,1,10,'59706905,59701628,59705166,59707029,59704584,59705657,59706106,59701978,59701401,59705801',7,1560075971),(665,1,10,'59706606,59703028,59706075,59707404,59704135,59704270,59704826,59702310,59709662,59704300',7,1560075971),(666,1,10,'59706372,59704862,59702656,59706210,59705932,59706904,59703086,59708595,59703223,59704780',7,1560075971),(667,1,10,'59708419,59705549,59702466,59708335,59702626,59704665,59703379,59704910,59701175,59709036',7,1560075971),(668,1,10,'59701181,59704351,59706034,59708257,59704590,59703001,59705673,59705421,59708825,59701703',7,1560075971),(669,1,10,'59702059,59708123,59704605,59705802,59701663,59701455,59705149,59707141,59706452,59702012',7,1560075971),(670,1,10,'59701176,59702065,59704895,59703888,59705903,59709416,59707961,59705675,59701050,59707538',7,1560075971),(671,1,10,'59704119,59701469,59708836,59706276,59704338,59707862,59701980,59701972,59706086,59709948',7,1560075971),(672,1,10,'59702699,59704472,59702332,59706321,59701714,59701118,59708545,59709076,59703242,59701754',7,1560075971),(673,1,10,'59708693,59707804,59707003,59702724,59709246,59705602,59708214,59704872,59703171,59701061',7,1560075971),(674,1,10,'59706596,59704541,59705939,59706276,59706367,59702575,59701517,59701841,59707244,59704319',7,1560075971),(675,1,10,'59705374,59708849,59704448,59701615,59701479,59707895,59706697,59708808,59705301,59702071',7,1560075971),(676,1,10,'59709210,59708741,59709809,59707971,59702705,59706758,59703471,59701691,59709401,59703703',7,1560075971),(677,1,10,'59706256,59708822,59702017,59704919,59706633,59705459,59702772,59702250,59706570,59708196',7,1560075971),(678,1,10,'59702384,59701041,59703537,59702126,59705072,59702134,59708502,59703843,59701556,59701873',7,1560075971),(679,1,10,'59709933,59707441,59705053,59701103,59709800,59702513,59706282,59705167,59705572,59701154',7,1560075971),(680,1,10,'59709463,59705909,59708216,59701958,59705313,59708672,59706202,59708016,59707052,59705300',7,1560075971),(681,1,10,'59701499,59708925,59705399,59701137,59709575,59707777,59704571,59706027,59705399,59703166',7,1560075971),(682,1,10,'59704289,59707314,59704440,59707186,59708770,59705841,59708667,59709430,59708734,59706951',7,1560075971),(683,1,10,'59706547,59703993,59708399,59702490,59709051,59707468,59707484,59706800,59704647,59704949',7,1560075971),(684,1,10,'59701207,59702725,59704303,59704030,59707288,59704609,59705488,59707803,59702945,59704296',7,1560075971),(685,1,10,'59701172,59705864,59705897,59707129,59706822,59701306,59702363,59704953,59706408,59701722',7,1560075971),(686,1,10,'59701061,59703111,59706398,59701207,59706211,59702446,59708761,59707354,59708530,59708303',7,1560075971),(687,1,10,'59701966,59705257,59703238,59703525,59705982,59702509,59708053,59702456,59709276,59702205',7,1560075971),(688,1,10,'59709194,59705940,59704819,59702937,59706381,59701320,59708079,59707801,59703831,59707440',7,1560075971),(689,1,10,'59703024,59706389,59701263,59702645,59705123,59701796,59702897,59705777,59707346,59701615',7,1560075971),(690,1,10,'59708451,59704181,59707160,59708939,59704143,59707700,59706535,59704364,59707693,59703677',7,1560075971),(691,1,10,'59702939,59708981,59705319,59701958,59707342,59703386,59705739,59707885,59708211,59708671',7,1560075971),(692,1,10,'59704174,59704303,59707515,59705431,59709341,59705554,59702724,59705760,59707459,59703483',7,1560075971),(693,1,10,'59704806,59708250,59707247,59703434,59702230,59706997,59703923,59706249,59705964,59709593',7,1560075971),(694,1,10,'59706207,59708274,59704477,59701132,59709318,59701352,59708739,59707209,59703973,59708826',7,1560075971),(695,1,10,'59707217,59703916,59703391,59704540,59701881,59707848,59707293,59702838,59708200,59704099',7,1560075971),(696,1,10,'59701895,59704564,59701141,59709261,59704917,59706061,59705174,59708430,59702579,59708174',7,1560075971),(697,1,10,'59704268,59709197,59703597,59707246,59704891,59705659,59703192,59704120,59709012,59705407',7,1560075971),(698,1,10,'59701081,59704141,59705099,59702536,59701484,59708152,59704123,59704640,59704120,59703497',7,1560075971),(699,1,10,'59703550,59705813,59704207,59709020,59705351,59704647,59701463,59703064,59706993,59704237',7,1560075971),(700,1,10,'59709109,59704474,59701446,59703177,59708862,59709592,59704179,59704560,59704941,59701264',7,1560075971),(701,1,10,'59708159,59706980,59706064,59702831,59701856,59704532,59707452,59706139,59705239,59704807',7,1560075971),(702,1,10,'59708822,59707531,59706776,59701901,59705393,59707851,59708436,59703408,59705884,59703442',7,1560075971),(703,1,10,'59707688,59703420,59705514,59704149,59706500,59709531,59704001,59706314,59702342,59706837',7,1560075971),(704,1,10,'59705565,59701782,59706181,59702929,59709923,59704897,59706488,59709902,59703295,59707502',7,1560075971),(705,1,10,'59705230,59708349,59703399,59705941,59708876,59701365,59705455,59701057,59701396,59705543',7,1560075971),(706,1,10,'59709180,59707195,59707257,59705977,59709794,59707199,59701429,59701261,59707016,59706411',7,1560075971),(707,1,10,'59708380,59703488,59705064,59705676,59703079,59702252,59703656,59701337,59709995,59709647',7,1560075971),(708,1,10,'59707013,59703239,59704096,59706266,59705851,59707725,59709852,59704204,59704391,59706638',7,1560075971),(709,1,10,'59702231,59702054,59702351,59705323,59705701,59702910,59703950,59704623,59704233,59705365',7,1560075971),(710,1,10,'59708906,59709882,59704293,59703514,59703438,59703944,59707851,59704950,59705265,59701153',7,1560075971),(711,1,10,'59703377,59703767,59709605,59702351,59701837,59707558,59707178,59703884,59709703,59701418',7,1560075971),(712,1,10,'59702203,59706594,59701941,59701940,59703397,59706826,59703021,59703218,59705980,59705423',7,1560075971),(713,1,10,'59705911,59703845,59709670,59707729,59708081,59706916,59709687,59705588,59702499,59702023',7,1560075971),(714,1,10,'59705748,59704343,59704634,59701262,59702073,59704839,59707454,59703225,59707381,59703418',7,1560075971),(715,1,10,'59708428,59702007,59707889,59709925,59709526,59705201,59703318,59702704,59708215,59706900',7,1560075971),(716,1,10,'59706885,59709598,59706465,59705699,59709310,59708951,59701744,59704692,59705811,59701606',7,1560075971),(717,1,10,'59705021,59702472,59705106,59701909,59704765,59702132,59702416,59701701,59702945,59702267',7,1560075971),(718,1,10,'59706458,59706327,59706029,59705971,59703451,59707631,59706986,59702836,59702114,59701957',7,1560075971),(719,1,10,'59703284,59704958,59706665,59708148,59705894,59701929,59707824,59704548,59703282,59705843',7,1560075971),(720,1,10,'59709810,59701000,59706419,59706295,59703340,59702849,59703772,59706377,59701634,59701938',7,1560075971),(721,1,10,'59706311,59704684,59704410,59703611,59702504,59704310,59706887,59708712,59703321,59703847',7,1560075971),(722,1,10,'59708785,59704585,59706229,59706390,59705321,59701073,59704197,59701533,59705214,59703519',7,1560075971),(723,1,10,'59703695,59701370,59703684,59703769,59706691,59704493,59709448,59707164,59701654,59704997',7,1560075971),(724,1,10,'59708726,59705551,59708552,59701476,59701237,59704271,59706855,59706024,59709199,59704169',7,1560075971),(725,1,10,'59707531,59708233,59705331,59701588,59708048,59702198,59702851,59706372,59701376,59704513',7,1560075971),(726,1,10,'59701479,59705866,59702983,59709271,59705433,59709912,59705839,59706066,59705432,59705855',7,1560075971),(727,1,10,'59707411,59706993,59705694,59703538,59709669,59701643,59705939,59708305,59701081,59702112',7,1560075971),(728,1,10,'59701385,59703000,59701616,59706994,59709751,59701966,59708742,59701381,59708256,59706047',7,1560075971),(729,1,10,'59706430,59701867,59705618,59702588,59701146,59702547,59706057,59701431,59703861,59702015',7,1560075971),(730,1,10,'59709290,59707920,59703043,59703363,59701537,59704900,59709660,59705185,59709516,59706714',7,1560075971),(731,1,10,'59703181,59701576,59701447,59705206,59703576,59709129,59704047,59705719,59708312,59703938',7,1560075971),(732,1,10,'59703537,59709097,59701358,59702597,59708633,59702684,59707185,59708199,59705556,59705324',7,1560075971),(733,1,10,'59709759,59701338,59703023,59704361,59706550,59703108,59705255,59709638,59708526,59703102',7,1560075971),(734,1,10,'59702969,59708498,59704157,59704415,59709383,59701787,59704410,59705640,59706218,59703847',7,1560075971),(735,1,10,'59706756,59709871,59706692,59706522,59704162,59706701,59701523,59706156,59703098,59708225',7,1560075971),(736,1,10,'59703930,59703593,59705531,59704036,59704632,59704176,59708931,59706228,59707848,59708750',7,1560075971),(737,1,10,'59706267,59704394,59704296,59704657,59704007,59701629,59707195,59701743,59704120,59705526',7,1560075971),(738,1,10,'59707264,59705350,59704075,59701179,59708722,59707322,59705841,59705181,59702287,59704003',7,1560075971),(739,1,10,'59706886,59702627,59701179,59705236,59709179,59701109,59705115,59707367,59701188,59703723',7,1560075971),(740,1,10,'59709315,59702237,59702883,59709061,59704498,59704192,59702733,59702218,59703881,59705074',7,1560075971),(741,1,10,'59702705,59708787,59707185,59701227,59709270,59704861,59709627,59702496,59706395,59707035',7,1560075971),(742,1,10,'59701927,59705224,59709549,59709403,59706303,59701255,59702701,59701558,59704474,59704932',7,1560075971),(743,1,10,'59701320,59704593,59709658,59708099,59707375,59708103,59703575,59707101,59709333,59706182',7,1560075971),(744,1,10,'59708443,59702780,59709165,59706422,59705981,59709480,59704339,59702919,59709408,59701046',7,1560075971),(745,1,10,'59705823,59703265,59709442,59709821,59702087,59701554,59701302,59709648,59704098,59705381',7,1560075971),(746,1,10,'59702707,59705872,59709327,59708838,59708876,59708337,59701741,59701520,59701527,59704385',7,1560075971),(747,1,10,'59705809,59704521,59702880,59703861,59705500,59707433,59703652,59703108,59707283,59704351',7,1560075971),(748,1,10,'59708063,59702971,59704127,59702869,59706831,59708793,59702500,59706081,59704176,59703417',7,1560075971),(749,1,10,'59704371,59703579,59708815,59701188,59707209,59707458,59706969,59702949,59703982,59707312',7,1560075971),(750,1,10,'59707354,59705044,59701160,59706234,59705191,59708317,59709710,59702819,59709198,59709111',7,1560075971),(751,1,10,'59709103,59709159,59705593,59708271,59701306,59705849,59703096,59702139,59701788,59704982',7,1560075971),(752,1,10,'59705925,59709561,59703518,59705152,59704799,59708878,59703966,59709453,59703936,59709936',7,1560075971),(753,1,10,'59705098,59707479,59703056,59709078,59704385,59702323,59706378,59707148,59703795,59701580',7,1560075971),(754,1,10,'59704619,59709489,59709797,59708342,59701998,59707946,59706359,59703203,59707236,59707861',7,1560075971),(755,1,10,'59708951,59707258,59706549,59701079,59701541,59701101,59708657,59701944,59708597,59705824',7,1560075971),(756,1,10,'59708779,59702299,59705089,59702021,59706634,59707487,59706486,59701787,59706439,59709354',7,1560075971),(757,1,10,'59705755,59703715,59707915,59704242,59709366,59701899,59706279,59701995,59701288,59703933',7,1560075971),(758,1,10,'59701250,59707958,59705989,59703910,59706048,59704973,59707438,59709424,59702391,59707384',7,1560075971),(759,1,10,'59703104,59705569,59703497,59707036,59703956,59708938,59709086,59709272,59707461,59704626',7,1560075971),(760,1,10,'59705376,59705935,59706590,59709226,59701085,59702370,59707811,59707832,59709434,59708420',7,1560075971),(761,1,10,'59704092,59708037,59703140,59702429,59701902,59703936,59704422,59703241,59703211,59703122',7,1560075971),(762,1,10,'59703999,59707200,59705486,59708689,59706090,59706148,59701697,59701230,59701413,59705431',7,1560075971),(763,1,10,'59707312,59701840,59703187,59705891,59706300,59709112,59702131,59703873,59705130,59708140',7,1560075971),(764,1,10,'59702464,59709220,59705771,59706517,59703905,59709276,59705690,59707338,59701671,59704885',7,1560075971),(765,1,10,'59706858,59709195,59704482,59701390,59706743,59706184,59707558,59708636,59707313,59705897',7,1560075971),(766,1,10,'59701615,59704965,59706038,59702429,59708874,59709222,59704885,59703373,59702052,59708751',7,1560075971),(767,1,10,'59701324,59702822,59703370,59704395,59706324,59708371,59703544,59701498,59708353,59705114',7,1560075971),(768,1,10,'59706795,59709903,59709381,59709644,59703841,59707955,59706875,59707054,59707900,59705498',7,1560075971),(769,1,10,'59702804,59704939,59709692,59707874,59703638,59706393,59704435,59706928,59702345,59701008',7,1560075971),(770,1,10,'59709848,59708004,59705394,59709880,59703150,59702945,59705753,59704601,59702059,59706094',7,1560075971),(771,1,10,'59709892,59706265,59701794,59709297,59701778,59704467,59702074,59708896,59705882,59702299',7,1560075971),(772,1,10,'59707118,59705735,59706170,59707356,59707644,59705158,59709114,59704732,59707872,59708009',7,1560075971),(773,1,10,'59707680,59702019,59707519,59701632,59708338,59702312,59701805,59704869,59704057,59704205',7,1560075971),(774,1,10,'59708449,59705066,59701305,59701792,59704668,59703065,59702051,59702665,59708183,59704211',7,1560075971),(775,1,10,'59703763,59709919,59705211,59709347,59708412,59704148,59704471,59705818,59704464,59706445',7,1560075971),(776,1,10,'59701183,59703465,59702890,59706405,59704065,59707635,59701157,59707120,59708335,59701169',7,1560075971),(777,1,10,'59701235,59707185,59704713,59707413,59709593,59709693,59706417,59709209,59701198,59704238',7,1560075971),(778,1,10,'59704166,59702902,59709520,59702914,59702179,59707335,59709528,59704315,59709174,59709852',7,1560075971),(779,1,10,'59707690,59702534,59702370,59702296,59705975,59705166,59708486,59708013,59701852,59706303',7,1560075971),(780,1,10,'59704741,59709844,59706289,59704539,59708853,59704134,59707756,59702969,59707041,59709728',7,1560075971),(781,1,10,'59708221,59709187,59708024,59704967,59705152,59708285,59707021,59708697,59709519,59707857',7,1560075971),(782,1,10,'59703751,59708261,59709790,59701998,59702431,59704502,59707935,59707301,59702782,59702766',7,1560075971),(783,1,10,'59701421,59708860,59709021,59703894,59701218,59705269,59702867,59704231,59704794,59708621',7,1560075971),(784,1,10,'59706540,59704621,59705118,59708510,59701758,59701408,59708659,59708030,59701739,59704434',7,1560075971),(785,1,10,'59708385,59705774,59706203,59701045,59701766,59704837,59701368,59701084,59708770,59703812',7,1560075971),(786,1,10,'59704953,59709893,59708865,59705793,59703176,59701319,59704022,59709373,59704757,59707703',7,1560075971),(787,1,10,'59709707,59708647,59704914,59702890,59709890,59702208,59703366,59701223,59702041,59702150',7,1560075971),(788,1,10,'59704332,59703547,59706127,59707066,59707530,59706204,59701617,59702051,59708179,59701040',7,1560075971),(789,1,10,'59708480,59703698,59705999,59702396,59706185,59706100,59705206,59702118,59705700,59707853',7,1560075971),(790,1,10,'59705522,59705549,59704495,59703048,59702163,59704533,59704538,59708281,59703850,59704414',7,1560075971),(791,1,10,'59703298,59708645,59705800,59706034,59702743,59702733,59707732,59705738,59709342,59702640',7,1560075971),(792,1,10,'59704866,59704371,59707065,59706958,59705919,59707274,59702379,59709783,59706112,59706293',7,1560075971),(793,1,10,'59706254,59709707,59705161,59706771,59707158,59709825,59707287,59709552,59707060,59708729',7,1560075971),(794,1,10,'59703208,59701979,59703429,59709515,59706142,59702896,59707234,59701775,59706809,59708648',7,1560075971),(795,1,10,'59706943,59706604,59709427,59702077,59704525,59704594,59704715,59706527,59706448,59707841',7,1560075971),(796,1,10,'59705892,59704843,59705683,59705937,59703676,59702368,59708696,59701976,59702286,59708945',7,1560075971),(797,1,10,'59708458,59703553,59701441,59702919,59702436,59704760,59705360,59703134,59701600,59704192',7,1560075971),(798,1,10,'59704761,59705932,59703418,59704942,59703864,59703158,59709860,59705605,59702386,59709155',7,1560075971),(799,1,10,'59709393,59709273,59704547,59706768,59703986,59705541,59701066,59701340,59709109,59706503',7,1560075971),(800,1,10,'59705160,59702714,59708730,59701751,59707550,59707235,59709318,59703380,59703453,59706746',7,1560075971),(801,1,10,'59703841,59709984,59701589,59706591,59707769,59706656,59706175,59707614,59705070,59709991',7,1560075971),(802,2,3,'28364537,29456842,36428499',3,1560237140),(803,2,4,'36485239,42367854,43567832,36427854',4,1560237332),(804,2,2,'36427852,25384269',5,1560237510),(805,2,10,'77904594,77908201,77904670,77902180,77907906,77909813,77907657,77908845,77908248,77902618',7,1560237790),(806,2,10,'77904721,77908814,77907588,77903210,77904579,77907428,77903394,77905683,77902451,77905533',7,1560237790),(807,2,10,'77906636,77908631,77907055,77908472,77905783,77906147,77904611,77908088,77902802,77905825',7,1560237790),(808,2,10,'77903836,77909726,77904163,77901759,77908951,77905230,77902835,77901542,77901672,77908942',7,1560237790),(809,2,10,'77905286,77908269,77904220,77903707,77904485,77902533,77907313,77903869,77906901,77905428',7,1560237790),(810,2,10,'77906169,77901270,77905503,77906548,77909508,77901256,77906758,77908985,77903548,77904669',7,1560237790),(811,2,10,'77903637,77902335,77906007,77907854,77902608,77907691,77903106,77902655,77905639,77905647',7,1560237790),(812,2,10,'77903562,77903414,77901199,77908296,77902594,77901976,77909258,77905231,77908921,77903684',7,1560237790),(813,2,10,'77909283,77908548,77908762,77909383,77903244,77907840,77901835,77906415,77906609,77906199',7,1560237790),(814,2,10,'77901359,77904626,77903347,77902221,77907053,77909357,77908927,77907999,77905136,77903454',7,1560237790),(815,2,10,'77907317,77904126,77904326,77901260,77904987,77902697,77908843,77903619,77903905,77902305',7,1560237790),(816,2,10,'77909404,77906874,77901540,77906043,77901229,77902870,77908860,77903507,77902037,77905949',7,1560237790),(817,2,10,'77905334,77906788,77907046,77907957,77901932,77905482,77906974,77905235,77905121,77902682',7,1560237790),(818,2,10,'77906041,77907629,77907871,77905981,77903966,77902482,77907650,77909473,77904967,77908638',7,1560237790),(819,2,10,'77906428,77902753,77908763,77904440,77901672,77906913,77901572,77908732,77904351,77902549',7,1560237790),(820,2,10,'77901114,77908859,77902935,77901752,77902607,77905663,77908392,77903118,77905770,77904488',7,1560237790),(821,2,10,'77909191,77909739,77905822,77906179,77907300,77902210,77902481,77907079,77909188,77901625',7,1560237790),(822,2,10,'77908966,77908031,77907825,77906576,77906996,77905380,77909678,77902159,77909790,77908970',7,1560237790),(823,2,10,'77907717,77904966,77908066,77906143,77908411,77909091,77906044,77906744,77904727,77904128',7,1560237790),(824,2,10,'77903441,77907116,77903135,77902172,77904477,77908104,77905604,77901815,77908870,77906050',7,1560237790),(825,2,10,'77909602,77906151,77902840,77901800,77908097,77904774,77904105,77909696,77907560,77909779',7,1560237790),(826,2,10,'77907883,77903582,77909959,77901758,77904893,77906802,77903761,77901805,77908355,77902200',7,1560237790),(827,2,10,'77908937,77908514,77908987,77904119,77904954,77906979,77902007,77904404,77902782,77904794',7,1560237790),(828,2,10,'77905135,77908397,77908890,77905052,77904589,77907943,77907245,77906348,77909088,77908386',7,1560237790),(829,2,10,'77904317,77902774,77904850,77901569,77902075,77901925,77909595,77901836,77906987,77906894',7,1560237790),(830,2,10,'77909542,77901031,77903022,77907275,77904408,77904497,77905649,77906162,77907412,77904078',7,1560237790),(831,2,10,'77907836,77902149,77909275,77905119,77907053,77907329,77905213,77908462,77905267,77902296',7,1560237790),(832,2,10,'77903946,77901452,77908949,77908144,77909693,77902931,77902066,77905467,77904173,77909245',7,1560237790),(833,2,10,'77909087,77906358,77909603,77903237,77904982,77909411,77907704,77908250,77905218,77908720',7,1560237790),(834,2,10,'77902693,77907128,77902765,77902878,77903289,77905216,77904091,77903980,77904712,77903356',7,1560237790),(835,2,10,'77902165,77901619,77906680,77906892,77903456,77907889,77904411,77907669,77909932,77903384',7,1560237790),(836,2,10,'77906625,77902029,77901063,77909196,77908540,77908818,77905817,77905921,77909875,77906378',7,1560237790),(837,2,10,'77903662,77905652,77905848,77904553,77905568,77906983,77905179,77908687,77909004,77904006',7,1560237790),(838,2,10,'77903086,77901624,77906937,77904317,77908288,77906707,77905838,77902009,77907004,77906781',7,1560237790),(839,2,10,'77907673,77904676,77907952,77907189,77909914,77906410,77906351,77908774,77905527,77905807',7,1560237790),(840,2,10,'77901920,77907881,77909982,77905960,77907878,77905353,77907247,77905462,77905944,77906534',7,1560237790),(841,2,10,'77903792,77907408,77909335,77903268,77901585,77901391,77908772,77909898,77907094,77908504',7,1560237790),(842,2,10,'77908472,77909268,77904290,77909343,77908154,77906723,77908639,77906999,77903038,77903105',7,1560237790),(843,2,10,'77904112,77909068,77901841,77903759,77906176,77909642,77908784,77909528,77907801,77907317',7,1560237790),(844,2,10,'77905583,77907756,77906455,77905184,77905459,77908286,77904107,77901839,77908130,77907463',7,1560237790),(845,2,10,'77907226,77909374,77908814,77906131,77908781,77908385,77907231,77909632,77906240,77901963',7,1560237790),(846,2,10,'77907599,77909811,77901572,77906704,77909637,77903012,77901245,77907700,77908564,77908077',7,1560237790),(847,2,10,'77907230,77903546,77904098,77903352,77907993,77906336,77909458,77907680,77905505,77905662',7,1560237790),(848,2,10,'77906363,77908404,77906233,77904619,77908032,77906368,77903147,77901802,77905183,77906916',7,1560237790),(849,2,10,'77902715,77909302,77902036,77901892,77906907,77907714,77907308,77905640,77904190,77909133',7,1560237790),(850,2,10,'77907219,77901002,77905533,77903151,77901488,77902324,77908406,77901862,77903332,77901448',7,1560237790),(851,2,10,'77905777,77903860,77903472,77903719,77904115,77903240,77906125,77909980,77905388,77907593',7,1560237790),(852,2,10,'77902011,77907575,77907066,77902016,77904347,77906348,77902117,77903100,77903854,77902643',7,1560237790),(853,2,10,'77906009,77904940,77904749,77906302,77902712,77906130,77906752,77904671,77907694,77909763',7,1560237790),(854,2,10,'77905081,77907592,77904925,77905434,77908455,77902410,77909872,77905235,77903093,77907968',7,1560237790),(855,2,10,'77906504,77907760,77906713,77902610,77901291,77907105,77905534,77905179,77905201,77901861',7,1560237790),(856,2,10,'77908275,77903020,77906703,77904123,77901155,77905977,77907766,77903485,77901892,77901392',7,1560237790),(857,2,10,'77905857,77903040,77905705,77908110,77902947,77901382,77903313,77904475,77905504,77901605',7,1560237790),(858,2,10,'77907935,77909330,77906496,77902302,77901290,77901019,77903392,77906568,77905595,77907385',7,1560237790),(859,2,10,'77907161,77903997,77902571,77906773,77906273,77906681,77905435,77909027,77902694,77904214',7,1560237790),(860,2,10,'77904907,77901489,77902895,77908691,77905204,77903004,77908845,77909705,77906047,77909915',7,1560237790),(861,2,10,'77909010,77901350,77902653,77905067,77905362,77909219,77903742,77902803,77904368,77909407',7,1560237790),(862,2,10,'77904532,77903966,77907996,77909507,77904742,77904901,77904717,77903613,77908590,77906451',7,1560237790),(863,2,10,'77905498,77908319,77906796,77904961,77907809,77908717,77903578,77901273,77904617,77903403',7,1560237790),(864,2,10,'77907655,77909731,77902392,77904470,77905246,77904179,77903103,77901511,77905069,77907962',7,1560237790),(865,2,10,'77904218,77906621,77902343,77903922,77907706,77909393,77905788,77906404,77902036,77903921',7,1560237790),(866,2,10,'77901621,77907251,77907177,77906798,77907561,77902807,77902597,77903119,77909827,77902916',7,1560237790),(867,2,10,'77908264,77909477,77908139,77903921,77903649,77901965,77906714,77906667,77908719,77906178',7,1560237790),(868,2,10,'77905271,77907496,77902944,77907210,77908030,77907253,77906291,77903654,77905709,77902282',7,1560237790),(869,2,10,'77907231,77907603,77902526,77902426,77907731,77908653,77907200,77904029,77905260,77909895',7,1560237790),(870,2,10,'77905951,77907935,77901787,77909925,77907497,77901487,77903781,77902835,77907057,77903529',7,1560237790),(871,2,10,'77904211,77905220,77904348,77901405,77909544,77902174,77903591,77904960,77903751,77901290',7,1560237790),(872,2,10,'77904504,77901535,77902300,77905661,77902306,77909976,77907159,77904882,77905715,77908626',7,1560237790),(873,2,10,'77906798,77902046,77909950,77907328,77903184,77904748,77905730,77902427,77902788,77907080',7,1560237790),(874,2,10,'77906274,77903766,77907577,77907637,77902301,77907690,77906020,77909513,77907028,77906041',7,1560237790),(875,2,10,'77909086,77902300,77902175,77904163,77905244,77907094,77909961,77902901,77905463,77904487',7,1560237790),(876,2,10,'77903105,77907597,77907211,77906573,77903824,77901097,77903457,77902946,77902839,77906743',7,1560237790),(877,2,10,'77909670,77905701,77904367,77907379,77909818,77904429,77908128,77908349,77901371,77902227',7,1560237790),(878,2,10,'77909339,77901497,77904296,77906686,77907721,77901166,77907064,77902901,77907492,77908200',7,1560237790),(879,2,10,'77902642,77907466,77908369,77909944,77906499,77905474,77905573,77907240,77902604,77904520',7,1560237790),(880,2,10,'77907822,77905433,77906426,77907696,77901335,77905366,77901934,77904596,77903830,77903383',7,1560237790),(881,2,10,'77904596,77907316,77901526,77909328,77907381,77905447,77903142,77901544,77907758,77902084',7,1560237790),(882,2,10,'77903897,77907875,77907695,77904821,77903509,77906666,77904662,77907751,77906197,77907759',7,1560237790),(883,2,10,'77909627,77909468,77902681,77907498,77902058,77904066,77906178,77906728,77901925,77908138',7,1560237790),(884,2,10,'77907407,77901792,77906697,77906779,77901588,77902534,77909341,77907583,77906438,77905297',7,1560237790),(885,2,10,'77907327,77904641,77908177,77901925,77902624,77905550,77906524,77906762,77901700,77904402',7,1560237790);
INSERT INTO `ydb_fundjoindetail` VALUES (886,2,10,'77905696,77902652,77906524,77908791,77905414,77903939,77905565,77903811,77909895,77902466',7,1560237790),(887,2,10,'77909792,77906055,77909859,77903576,77907672,77909618,77909524,77908115,77901176,77904093',7,1560237790),(888,2,10,'77908609,77903425,77905772,77901574,77902332,77908350,77905428,77909655,77908413,77901234',7,1560237790),(889,2,10,'77906613,77904428,77904070,77909921,77902297,77902489,77907022,77903754,77907947,77906931',7,1560237790),(890,2,10,'77903488,77901578,77907533,77907347,77902186,77908736,77907523,77906832,77907336,77908071',7,1560237790),(891,2,10,'77909886,77903979,77909655,77904928,77903091,77901882,77904363,77909150,77907107,77908134',7,1560237790),(892,2,10,'77909178,77908081,77901401,77907830,77901319,77902565,77905944,77908562,77907506,77906945',7,1560237790),(893,2,10,'77909204,77904426,77904956,77904065,77904149,77903014,77902388,77908270,77906248,77907421',7,1560237790),(894,2,10,'77904022,77902402,77908471,77907240,77909576,77909806,77908285,77905564,77905268,77904325',7,1560237790),(895,2,10,'77907660,77909989,77908818,77909302,77904064,77905606,77906444,77907583,77908467,77909011',7,1560237790),(896,2,10,'77906864,77904510,77909336,77905296,77905299,77909928,77908640,77902056,77901466,77902179',7,1560237790),(897,2,10,'77903849,77902385,77908584,77909108,77905931,77904875,77908372,77909059,77903355,77903622',7,1560237790),(898,2,10,'77905048,77902874,77907089,77906218,77907332,77904899,77905602,77906757,77901443,77906977',7,1560237790),(899,2,10,'77909864,77903834,77905098,77905451,77908342,77909541,77904516,77901165,77903006,77904473',7,1560237790),(900,2,10,'77908418,77908463,77909325,77909724,77903020,77901189,77902266,77905886,77906042,77902686',7,1560237790),(901,2,10,'77906299,77905055,77903704,77904799,77905393,77905822,77904722,77903871,77906016,77902284',7,1560237790),(902,2,10,'77904317,77909745,77901137,77902032,77902206,77909766,77906224,77908161,77902609,77904777',7,1560237790),(903,2,10,'77905248,77901265,77905245,77909122,77904675,77902438,77905332,77905645,77906476,77901272',7,1560237790),(904,2,10,'77902588,77908689,77908118,77909862,77901234,77901099,77902571,77908802,77909987,77906217',7,1560237790),(905,2,10,'77905304,77901185,77906066,77906889,77909284,77903605,77907189,77908456,77902981,77901157',7,1560237790),(906,2,10,'77908577,77902764,77906364,77901432,77909947,77904156,77907901,77907526,77906518,77904476',7,1560237790),(907,2,10,'77909561,77909033,77907009,77909067,77908813,77909045,77906639,77909774,77907625,77906156',7,1560237790),(908,2,10,'77905126,77902939,77903467,77903462,77906690,77907407,77907306,77908554,77902048,77901522',7,1560237790),(909,2,10,'77907613,77906527,77904420,77904127,77906355,77904974,77904524,77902566,77901001,77906990',7,1560237790),(910,2,10,'77906580,77906682,77902521,77902168,77901305,77903820,77908382,77902602,77901919,77903824',7,1560237790),(911,2,10,'77902554,77906886,77908141,77903036,77909505,77909113,77906189,77902301,77904204,77907877',7,1560237790),(912,2,10,'77904781,77906962,77902120,77906272,77908138,77908864,77905221,77902891,77906976,77904350',7,1560237790),(913,2,10,'77901977,77909829,77905516,77903263,77903356,77907679,77903476,77901948,77906826,77908535',7,1560237790),(914,2,10,'77905075,77901248,77905358,77901990,77901031,77906507,77905418,77909139,77904563,77909569',7,1560237790),(915,2,10,'77908976,77901575,77906390,77906778,77904502,77909392,77901730,77907976,77902962,77904183',7,1560237790),(916,2,10,'77908303,77909509,77901828,77907043,77903328,77903219,77903066,77907565,77904522,77903451',7,1560237790),(917,2,10,'77904146,77908843,77907105,77902048,77907036,77909470,77901795,77904354,77909206,77903541',7,1560237790),(918,2,10,'77901812,77902213,77903624,77907648,77906873,77909968,77905759,77906887,77903198,77901464',7,1560237790),(919,2,10,'77908579,77908850,77908506,77909043,77909553,77907632,77909014,77906550,77901651,77901826',7,1560237790),(920,2,10,'77904443,77908329,77909340,77903525,77908010,77906223,77907590,77902324,77901435,77905576',7,1560237790),(921,2,10,'77902869,77901317,77906936,77907231,77906146,77908097,77906231,77907534,77905890,77907757',7,1560237790),(922,2,10,'77903541,77907326,77904070,77907892,77907583,77902952,77907154,77902596,77904576,77904256',7,1560237790),(923,2,10,'77908111,77908461,77903239,77907582,77904409,77901583,77907790,77904773,77907019,77907554',7,1560237790),(924,2,10,'77908949,77901173,77904407,77902468,77901935,77906625,77907544,77902920,77904465,77908474',7,1560237790),(925,2,10,'77904897,77903002,77902759,77907563,77907436,77901309,77905535,77909236,77903629,77909935',7,1560237790),(926,2,10,'77908012,77905337,77904446,77909472,77909910,77901210,77907354,77903015,77906446,77906698',7,1560237790),(927,2,10,'77905322,77907158,77906339,77909144,77904820,77906995,77904809,77909394,77907816,77901118',7,1560237790),(928,2,10,'77901573,77903789,77902779,77901622,77909851,77902176,77909677,77907101,77902362,77909896',7,1560237790),(929,2,10,'77907980,77902649,77901324,77909794,77908656,77904858,77906456,77907213,77909173,77907823',7,1560237790),(930,2,10,'77903976,77902997,77902501,77901138,77902604,77902491,77904108,77905896,77906558,77906537',7,1560237790),(931,2,10,'77906964,77902691,77906557,77902480,77908536,77903618,77906819,77909163,77901794,77907268',7,1560237790),(932,2,10,'77907064,77904930,77902206,77907737,77902510,77908625,77902741,77903619,77901876,77907591',7,1560237790),(933,2,10,'77909867,77907006,77909381,77902672,77907555,77907492,77906743,77908213,77902271,77908172',7,1560237790),(934,2,10,'77907182,77907056,77904986,77907640,77901415,77904545,77904168,77908988,77902662,77901525',7,1560237790),(935,2,10,'77901785,77901810,77901641,77903339,77904306,77907201,77902572,77901831,77904701,77905754',7,1560237790),(936,2,10,'77905172,77902344,77909437,77909563,77904662,77905722,77902483,77908222,77909758,77908309',7,1560237790),(937,2,10,'77908310,77904824,77906681,77901949,77901884,77906963,77904148,77909986,77907675,77908733',7,1560237790),(938,2,10,'77906380,77906263,77909651,77908727,77904094,77905123,77905282,77901040,77901508,77907412',7,1560237790),(939,2,10,'77905535,77902265,77907343,77909472,77907881,77906496,77907817,77903147,77905287,77903326',7,1560237790),(940,2,10,'77902648,77902781,77904223,77904850,77905055,77909218,77906656,77909661,77905757,77909801',7,1560237790),(941,2,10,'77901056,77902853,77908973,77905375,77907392,77901019,77905421,77901282,77905132,77907254',7,1560237790),(942,2,10,'77908320,77907368,77905245,77902151,77908389,77901975,77905200,77906804,77909847,77903947',7,1560237790),(943,2,10,'77906966,77901806,77903412,77909628,77908011,77908252,77902304,77901861,77901304,77906734',7,1560237790),(944,2,10,'77906240,77903992,77902313,77909348,77901440,77907862,77904008,77905686,77905623,77909817',7,1560237790),(945,2,10,'77903858,77907843,77905006,77901699,77903830,77905412,77908310,77906852,77901395,77901486',7,1560237790),(946,2,10,'77901752,77908121,77907520,77903660,77903052,77901849,77901674,77906028,77907428,77906880',7,1560237790),(947,2,10,'77903826,77907183,77905599,77901557,77902445,77901218,77901783,77904724,77908500,77904728',7,1560237790),(948,2,10,'77904700,77903726,77901458,77902807,77909568,77908405,77901290,77903047,77907106,77906105',7,1560237790),(949,2,10,'77905464,77908544,77901533,77906671,77906948,77908890,77901567,77906446,77903212,77907179',7,1560237790),(950,2,10,'77902427,77906273,77905223,77902006,77903832,77902497,77901452,77905463,77901001,77904962',7,1560237790),(951,2,10,'77902866,77907145,77902652,77901010,77906934,77901146,77904005,77909486,77906625,77904058',7,1560237790),(952,2,10,'77904777,77908733,77908408,77909976,77909188,77908596,77905252,77908494,77907956,77905418',7,1560237790),(953,2,10,'77903625,77902706,77905301,77909042,77905496,77909204,77909940,77906813,77908334,77904083',7,1560237790),(954,2,10,'77908094,77908574,77905107,77903937,77908479,77901669,77902285,77902859,77906316,77904942',7,1560237790),(955,2,10,'77901835,77908444,77901323,77905736,77901228,77905784,77906718,77904896,77902431,77902474',7,1560237790),(956,2,10,'77904221,77907764,77902913,77901607,77907050,77906186,77904643,77901777,77905924,77905503',7,1560237790),(957,2,10,'77905091,77906078,77905061,77906561,77906223,77904104,77904181,77905703,77905510,77907948',7,1560237790),(958,2,10,'77907503,77903773,77904920,77907205,77905744,77906114,77901922,77904967,77903123,77904571',7,1560237790),(959,2,10,'77907484,77908828,77908361,77904486,77901076,77903883,77907674,77906704,77902666,77906726',7,1560237790),(960,2,10,'77909782,77907569,77909722,77902449,77909904,77907924,77906214,77907646,77907759,77904112',7,1560237790),(961,2,10,'77907611,77907412,77907564,77905979,77906880,77909340,77909040,77909867,77901491,77907524',7,1560237790),(962,2,10,'77907404,77907620,77902413,77909558,77902375,77904583,77907114,77909535,77907173,77901598',7,1560237790),(963,2,10,'77908563,77906049,77903516,77904009,77904229,77902194,77904622,77903661,77905081,77905563',7,1560237790),(964,2,10,'77901211,77905897,77908586,77901251,77906501,77902560,77907715,77905851,77902210,77907995',7,1560237790),(965,2,10,'77908936,77904457,77901559,77905045,77905217,77904662,77904265,77908054,77903027,77909561',7,1560237790),(966,2,10,'77905547,77908866,77904336,77908747,77905124,77903825,77906611,77905314,77907215,77902773',7,1560237790),(967,2,10,'77902822,77906855,77902538,77902056,77908437,77907465,77904312,77902516,77907425,77905737',7,1560237790),(968,2,10,'77903256,77909498,77906255,77904765,77903589,77905845,77906896,77903142,77905030,77905901',7,1560237790),(969,2,10,'77906815,77903963,77902796,77901510,77907983,77905820,77905607,77907015,77907868,77902809',7,1560237790),(970,2,10,'77908683,77905261,77908438,77902522,77902740,77901590,77907163,77908054,77909999,77905847',7,1560237790),(971,2,10,'77906010,77908998,77903177,77905376,77902449,77908447,77904495,77901020,77907449,77904996',7,1560237790),(972,2,10,'77904669,77907123,77909478,77901739,77907920,77906528,77901506,77906269,77904966,77904580',7,1560237790),(973,2,10,'77908000,77903679,77909025,77902123,77903929,77901564,77901817,77904499,77904763,77903018',7,1560237790),(974,2,10,'77905560,77903553,77903470,77906633,77901973,77904629,77906519,77906505,77904275,77908570',7,1560237790),(975,2,10,'77906878,77901226,77903184,77902719,77902017,77902890,77902919,77905922,77902903,77901092',7,1560237790),(976,2,10,'77903199,77905521,77907007,77907924,77908243,77902360,77907295,77903981,77908769,77901783',7,1560237790),(977,2,10,'77901239,77901357,77908997,77904634,77908805,77907644,77908644,77907257,77909463,77907937',7,1560237790),(978,2,10,'77902930,77901494,77905182,77909830,77909574,77901691,77902430,77907417,77905793,77908690',7,1560237790),(979,2,10,'77903176,77908290,77909308,77909836,77904888,77906544,77906336,77905972,77909537,77909773',7,1560237790),(980,2,10,'77905596,77902443,77905589,77903070,77902308,77909090,77904015,77903030,77905190,77904260',7,1560237790),(981,2,10,'77902282,77903745,77909460,77906794,77902360,77903810,77905838,77904038,77901718,77906318',7,1560237790),(982,2,10,'77907542,77905834,77902323,77909863,77905291,77908527,77901645,77908539,77903304,77903960',7,1560237790),(983,2,10,'77901653,77909940,77901299,77906477,77908815,77908159,77903495,77907921,77907100,77901791',7,1560237790),(984,2,10,'77909611,77904638,77902977,77902928,77905866,77906469,77907414,77901164,77909978,77909759',7,1560237790),(985,2,10,'77908881,77908594,77908166,77906353,77909346,77905812,77909149,77901592,77906277,77904910',7,1560237790),(986,2,10,'77908146,77905322,77901644,77904482,77904876,77904886,77901915,77907623,77903556,77901127',7,1560237790),(987,2,10,'77909060,77903926,77903907,77908391,77902546,77905485,77901146,77909519,77902343,77901894',7,1560237790),(988,2,10,'77903992,77909856,77905919,77905246,77907665,77901246,77906243,77905135,77902883,77907033',7,1560237790),(989,2,10,'77909784,77904655,77902864,77901059,77909510,77902399,77907328,77906670,77902891,77901462',7,1560237790),(990,2,10,'77902493,77906709,77909895,77909437,77906078,77906518,77909990,77902418,77904301,77906944',7,1560237790),(991,2,10,'77905147,77905998,77905882,77904328,77901832,77905272,77906039,77908515,77902015,77907833',7,1560237790),(992,2,10,'77904491,77906848,77903166,77907775,77905457,77909172,77907252,77903691,77908655,77902829',7,1560237790),(993,2,10,'77902742,77907676,77909304,77906665,77909605,77909323,77907124,77908021,77907310,77902725',7,1560237790),(994,2,10,'77906331,77907743,77906825,77904478,77906647,77902174,77905620,77908673,77903288,77901158',7,1560237790),(995,2,10,'77905663,77904906,77904975,77901039,77904423,77905270,77906925,77902659,77903868,77908358',7,1560237790),(996,2,10,'77908857,77902363,77901467,77908265,77905991,77909996,77908190,77903583,77907044,77903899',7,1560237790),(997,2,10,'77903504,77906408,77907237,77902918,77907379,77906332,77906286,77903396,77908283,77906450',7,1560237790),(998,2,10,'77908412,77906177,77908185,77905354,77904333,77907604,77904554,77906140,77907267,77908521',7,1560237790),(999,2,10,'77908359,77907400,77907934,77905273,77908068,77903229,77901552,77907702,77905650,77901219',7,1560237790),(1000,2,10,'77905840,77903152,77907573,77904466,77907017,77901468,77906808,77902562,77904801,77907993',7,1560237790),(1001,2,10,'77909821,77907601,77903411,77905570,77909583,77909178,77902566,77908544,77903561,77901385',7,1560237790),(1002,2,10,'77906485,77908759,77902725,77909817,77905886,77902557,77904543,77901567,77904989,77908783',7,1560237790),(1003,2,10,'77901985,77902230,77903511,77905780,77901518,77905898,77905672,77903393,77905111,77902166',7,1560237790),(1004,2,10,'77902191,77906965,77901234,77903128,77906285,77908339,77909855,77907376,77908675,77903860',7,1560237790),(1005,2,10,'77901443,77909005,77904578,77903371,77904966,77906609,77902714,77903216,77908894,77903281',7,1560237790),(1006,2,10,'77907300,77904239,77906195,77906616,77909057,77902783,77903337,77901706,77903203,77908693',7,1560237790),(1007,2,10,'77902290,77905146,77907455,77909311,77909522,77902029,77908034,77905482,77909003,77908949',7,1560237790),(1008,2,10,'77904658,77902550,77907200,77902000,77901546,77901358,77906083,77906776,77907416,77907250',7,1560237790),(1009,2,10,'77903120,77908370,77908487,77903070,77909280,77905376,77904478,77903161,77904031,77909889',7,1560237790),(1010,2,10,'77908608,77908367,77907344,77902500,77902595,77906033,77907686,77904305,77908658,77906001',7,1560237790),(1011,2,10,'77907025,77904897,77908517,77904616,77902832,77907370,77906389,77902721,77906074,77901318',7,1560237790),(1012,2,10,'77901993,77905659,77905220,77907834,77908548,77905276,77902240,77907512,77907774,77906914',7,1560237790),(1013,2,10,'77903601,77903446,77903888,77902417,77902273,77903230,77905610,77906130,77904724,77909957',7,1560237790),(1014,2,10,'77908157,77909895,77903923,77904221,77902250,77901056,77906339,77907116,77901106,77907458',7,1560237790),(1015,2,10,'77904940,77908235,77904445,77907444,77906196,77901673,77907485,77901857,77903075,77904023',7,1560237790),(1016,2,10,'77909945,77905042,77902045,77909379,77907043,77908842,77905076,77907334,77907499,77909601',7,1560237790),(1017,2,10,'77909637,77909983,77906531,77908163,77908695,77906919,77903858,77909872,77908720,77901236',7,1560237790),(1018,2,10,'77903699,77906570,77902681,77909527,77905772,77903603,77906046,77907887,77905297,77901813',7,1560237790),(1019,2,10,'77902785,77903909,77901991,77906545,77908364,77909686,77909074,77909642,77906755,77905814',7,1560237790),(1020,2,10,'77908264,77907448,77904425,77904384,77903780,77909807,77903343,77903992,77904342,77904062',7,1560237790),(1021,2,10,'77909977,77907731,77905167,77909057,77908297,77905194,77905974,77903137,77904772,77908476',7,1560237790),(1022,2,10,'77901983,77905144,77901369,77907169,77901912,77902423,77904559,77904369,77909979,77904817',7,1560237790),(1023,2,10,'77907309,77907668,77907904,77908670,77907088,77902161,77908904,77905825,77905865,77904440',7,1560237790),(1024,2,10,'77903700,77901627,77901109,77908601,77905510,77905920,77903789,77904236,77905052,77906046',7,1560237790),(1025,2,10,'77902373,77903440,77906545,77902850,77907829,77904805,77909708,77901676,77908628,77902427',7,1560237790),(1026,2,10,'77909759,77903367,77906737,77903898,77906418,77904266,77908626,77903312,77903903,77905219',7,1560237790),(1027,2,10,'77907263,77908264,77901934,77902568,77909116,77903846,77904727,77906157,77907155,77906653',7,1560237790),(1028,2,10,'77903004,77903330,77907848,77901778,77909981,77903931,77904164,77905816,77907378,77904304',7,1560237790),(1029,2,10,'77902572,77903859,77908414,77905291,77905041,77903502,77903808,77903238,77909039,77907838',7,1560237790),(1030,2,10,'77906777,77907987,77907535,77906462,77908042,77906883,77906998,77902466,77902820,77909769',7,1560237790),(1031,2,10,'77909396,77903445,77908831,77903989,77903199,77903492,77903293,77908387,77908374,77901202',7,1560237790),(1032,2,10,'77903924,77901307,77904392,77908667,77905945,77901591,77902220,77906482,77909073,77905585',7,1560237790),(1033,2,10,'77908327,77906740,77908527,77905131,77906682,77908035,77904025,77905574,77903755,77904461',7,1560237790),(1034,2,10,'77908788,77907757,77901512,77903612,77904533,77908024,77906424,77908581,77904479,77907218',7,1560237790),(1035,2,10,'77902459,77908962,77908345,77901684,77905086,77907849,77902350,77901266,77907274,77903836',7,1560237790),(1036,2,10,'77904212,77902306,77906490,77909016,77909151,77905649,77904705,77903983,77907884,77907639',7,1560237790),(1037,2,10,'77908386,77909831,77904631,77909119,77901503,77907154,77908110,77906433,77908525,77908045',7,1560237790),(1038,2,10,'77904541,77909424,77904419,77902098,77902641,77905437,77904655,77901407,77906630,77904316',7,1560237790),(1039,2,10,'77902202,77904566,77907227,77902403,77903528,77905668,77908650,77909543,77901602,77903307',7,1560237790),(1040,2,10,'77901617,77904080,77902893,77909577,77908349,77904856,77909370,77905071,77901562,77908217',7,1560237790),(1041,2,10,'77909500,77901884,77903477,77906005,77905254,77907609,77904812,77903565,77903100,77907340',7,1560237790),(1042,2,10,'77909786,77901741,77905006,77908670,77909116,77905875,77908441,77905694,77907024,77907812',7,1560237790),(1043,2,10,'77906375,77906005,77903226,77903895,77905275,77903697,77901941,77903969,77907111,77906363',7,1560237790),(1044,2,10,'77902889,77904376,77909351,77908098,77901289,77905961,77904964,77907495,77905858,77905068',7,1560237790),(1045,2,10,'77909419,77907647,77902816,77902540,77906685,77907150,77909881,77903721,77903229,77909095',7,1560237790),(1046,2,10,'77904273,77909455,77901022,77903078,77903709,77907085,77906532,77901192,77903409,77906456',7,1560237790),(1047,2,10,'77903727,77902030,77903092,77903910,77908077,77908687,77906975,77909293,77903549,77901755',7,1560237790),(1048,2,10,'77905779,77909946,77905613,77902330,77903721,77906715,77907238,77909004,77909521,77904943',7,1560237790),(1049,2,10,'77905893,77906872,77909397,77905474,77903545,77903526,77903067,77904651,77906664,77902062',7,1560237790),(1050,2,10,'77903752,77903318,77908218,77901072,77902169,77906820,77905677,77903651,77902537,77906999',7,1560237790),(1051,2,10,'77901009,77908391,77904575,77909199,77909683,77909388,77903501,77905265,77906667,77905234',7,1560237790),(1052,2,10,'77908035,77909540,77907431,77908023,77904396,77904867,77904942,77907350,77901301,77905591',7,1560237790),(1053,2,10,'77905671,77906307,77902970,77903555,77902585,77903489,77909121,77904104,77902153,77901989',7,1560237790),(1054,2,10,'77905973,77908080,77906344,77909402,77902246,77902827,77903627,77901820,77902157,77907190',7,1560237790),(1055,2,10,'77904971,77904838,77905425,77908511,77907844,77903549,77907270,77907636,77905215,77905548',7,1560237790),(1056,2,10,'77907409,77909907,77903552,77904927,77901062,77907168,77904826,77909281,77905948,77904763',7,1560237790),(1057,2,10,'77906503,77903703,77908285,77903536,77901554,77904788,77907792,77908830,77905446,77906628',7,1560237790),(1058,2,10,'77908687,77903490,77902149,77907818,77901690,77901858,77907132,77902451,77909019,77904779',7,1560237790),(1059,2,10,'77904362,77907121,77903393,77908597,77909309,77906922,77907030,77905155,77905942,77909448',7,1560237790),(1060,2,10,'77901650,77908797,77909729,77908792,77909471,77902367,77904639,77903548,77903212,77909208',7,1560237790),(1061,2,10,'77906141,77905810,77905092,77903164,77907203,77905172,77905829,77907580,77905295,77904727',7,1560237790),(1062,2,10,'77909643,77905298,77902385,77903069,77907251,77901663,77904941,77903292,77902873,77906517',7,1560237790),(1063,2,10,'77905933,77903990,77905227,77907206,77902830,77908256,77909533,77904573,77906599,77905684',7,1560237790),(1064,2,10,'77906508,77903961,77905710,77908368,77909372,77906214,77902132,77905902,77908844,77907676',7,1560237790),(1065,2,10,'77902333,77901379,77909142,77909191,77908282,77902393,77909984,77907103,77908448,77903037',7,1560237790),(1066,2,10,'77906591,77902255,77904799,77901907,77907679,77908990,77903805,77902095,77908469,77901154',7,1560237790),(1067,2,10,'77907434,77902195,77908679,77902089,77904154,77905301,77903528,77903639,77904936,77901006',7,1560237790),(1068,2,10,'77901734,77902148,77907246,77901405,77907516,77907460,77904055,77905091,77902593,77906918',7,1560237790),(1069,2,10,'77901830,77906158,77909183,77901367,77902541,77903199,77909007,77905150,77903656,77908309',7,1560237790),(1070,2,10,'77906281,77901110,77907144,77902081,77909725,77903592,77901474,77905608,77905558,77904439',7,1560237790),(1071,2,10,'77906614,77908486,77902498,77908995,77902034,77904806,77904765,77909104,77907702,77902164',7,1560237790),(1072,2,10,'77903076,77901109,77903087,77903653,77901651,77903854,77908157,77907866,77909209,77904684',7,1560237790),(1073,2,10,'77902381,77908898,77902967,77904441,77905729,77905341,77909646,77908470,77906668,77909291',7,1560237790),(1074,2,10,'77906463,77908614,77907168,77901340,77902138,77901216,77904697,77902583,77909889,77905122',7,1560237790),(1075,2,10,'77901224,77902612,77902435,77907674,77903218,77904523,77901994,77909717,77903648,77906908',7,1560237790),(1076,2,10,'77908286,77907593,77908982,77903861,77907529,77902147,77903189,77902977,77908442,77907723',7,1560237790),(1077,2,10,'77901738,77907348,77906244,77907163,77906597,77906570,77909653,77905813,77906235,77903734',7,1560237790),(1078,2,10,'77904888,77904516,77902622,77906436,77909668,77908615,77902225,77908768,77901212,77909954',7,1560237790),(1079,2,10,'77907014,77909325,77906238,77904877,77905457,77902200,77901965,77903228,77908524,77903988',7,1560237790),(1080,2,10,'77906113,77901351,77904682,77908781,77904899,77909088,77904900,77906174,77907042,77904785',7,1560237790),(1081,2,10,'77906648,77908260,77907762,77907284,77902894,77904634,77906776,77903930,77909107,77907388',7,1560237790),(1082,2,10,'77908305,77904566,77909255,77906117,77903065,77905536,77909808,77903914,77904277,77907684',7,1560237790),(1083,2,10,'77903734,77908374,77902659,77907353,77906501,77904589,77902429,77905388,77902079,77909154',7,1560237790),(1084,2,10,'77903307,77907132,77905936,77907162,77909511,77904428,77902042,77906207,77902760,77902621',7,1560237790),(1085,2,10,'77905864,77909383,77905272,77902554,77901372,77906284,77907767,77909570,77904034,77909003',7,1560237790),(1086,2,10,'77905464,77906515,77906819,77907134,77907080,77907731,77907196,77903771,77907834,77905063',7,1560237790),(1087,2,10,'77907133,77906508,77907447,77903853,77904100,77909438,77901135,77904946,77909064,77902155',7,1560237790),(1088,2,10,'77906618,77904686,77901496,77905753,77901115,77903916,77901363,77909826,77902345,77907980',7,1560237790),(1089,2,10,'77906134,77908467,77905525,77908721,77908779,77909270,77901376,77902484,77906765,77906329',7,1560237790),(1090,2,10,'77903115,77908113,77902062,77907238,77901461,77903950,77901138,77906089,77909634,77908840',7,1560237790),(1091,2,10,'77905962,77901479,77909352,77901126,77905003,77905498,77904833,77908653,77909229,77907743',7,1560237790),(1092,2,10,'77904797,77909764,77907110,77902306,77904462,77905302,77909614,77905781,77903546,77909612',7,1560237790),(1093,2,10,'77905209,77903262,77906270,77905537,77904865,77902342,77903351,77907422,77906051,77906116',7,1560237790),(1094,2,10,'77908008,77907108,77901734,77904177,77901960,77909942,77907384,77908619,77907426,77907765',7,1560237790),(1095,2,10,'77906970,77909035,77906124,77905923,77906960,77908520,77902273,77905258,77909324,77905666',7,1560237790),(1096,2,10,'77904592,77902115,77902529,77903569,77908300,77906337,77906544,77909822,77904115,77905268',7,1560237790),(1097,2,10,'77909839,77909517,77905257,77908752,77905382,77901250,77902443,77904132,77908641,77906114',7,1560237790),(1098,2,10,'77908893,77901253,77903587,77904702,77906326,77905457,77905686,77909109,77907960,77908589',7,1560237790),(1099,2,10,'77907909,77908927,77904513,77906993,77907723,77907252,77909205,77901512,77907098,77902676',7,1560237790),(1100,2,10,'77903755,77906490,77903502,77907294,77901381,77904771,77907904,77901698,77901802,77901698',7,1560237790),(1101,2,10,'77908773,77906984,77909236,77907115,77908078,77903744,77905403,77908366,77903287,77904072',7,1560237790),(1102,2,10,'77903521,77906295,77905368,77906563,77903309,77906246,77902792,77905309,77908986,77909062',7,1560237790),(1103,2,10,'77906526,77907906,77902270,77902087,77905040,77908445,77905380,77904164,77909302,77905521',7,1560237790),(1104,2,10,'77909035,77902638,77907780,77902229,77908454,77907352,77902444,77906161,77903355,77905651',7,1560237790),(1105,2,10,'77908762,77902411,77906958,77907377,77901703,77907574,77909980,77908874,77905737,77906742',7,1560237790),(1106,2,10,'77907641,77901987,77904830,77907510,77908659,77901058,77905453,77903971,77908254,77906933',7,1560237790),(1107,2,10,'77909574,77903720,77906144,77906954,77905662,77909849,77906547,77901965,77904685,77902953',7,1560237790),(1108,2,10,'77909182,77906310,77904113,77904125,77909269,77902833,77905913,77902959,77906526,77905877',7,1560237790),(1109,2,10,'77907556,77902550,77905171,77907286,77902009,77901489,77904924,77903405,77904741,77902873',7,1560237790),(1110,2,10,'77901003,77904076,77908722,77905293,77902127,77905644,77902419,77902844,77903515,77908952',7,1560237790),(1111,2,10,'77905801,77903120,77904885,77901344,77907338,77909214,77901456,77901664,77908998,77901720',7,1560237790),(1112,2,10,'77901947,77906255,77908250,77901732,77901577,77906961,77907063,77907844,77909064,77909127',7,1560237790),(1113,2,10,'77902904,77905149,77901627,77904595,77906744,77901241,77905985,77907709,77907050,77908214',7,1560237790),(1114,2,10,'77908357,77901314,77905793,77906662,77908462,77908753,77909439,77908678,77901517,77903870',7,1560237790),(1115,2,10,'77901958,77903856,77905243,77901008,77907820,77904290,77905857,77901011,77901991,77908573',7,1560237790),(1116,2,10,'77903078,77909223,77908942,77901800,77901126,77908488,77903641,77909564,77908719,77904150',7,1560237790),(1117,2,10,'77901557,77907959,77903075,77906052,77904659,77904579,77901914,77901537,77901415,77902517',7,1560237790),(1118,2,10,'77909454,77909451,77902793,77909367,77907414,77908136,77906264,77901223,77909012,77907436',7,1560237790),(1119,2,10,'77904795,77903678,77904968,77903695,77904855,77901827,77908500,77906757,77908414,77903263',7,1560237790),(1120,2,10,'77901327,77903965,77903939,77902079,77905668,77905164,77902400,77905871,77903241,77906696',7,1560237790),(1121,2,10,'77901265,77908731,77907265,77909407,77902503,77909252,77908459,77909639,77903583,77901530',7,1560237790),(1122,2,10,'77902042,77908236,77906474,77902157,77905733,77901542,77908644,77905228,77905749,77908400',7,1560237790),(1123,2,10,'77903061,77909336,77901811,77907156,77905196,77908575,77907136,77907651,77908016,77901538',7,1560237790),(1124,2,10,'77903443,77906231,77908991,77909319,77903952,77903738,77901088,77903513,77908380,77905517',7,1560237790),(1125,2,10,'77908778,77905213,77902948,77903410,77907027,77904012,77905372,77902763,77902307,77903005',7,1560237790),(1126,2,10,'77901873,77904419,77905584,77909784,77901169,77904721,77905328,77909445,77907478,77904513',7,1560237790),(1127,2,10,'77903507,77909580,77902520,77909140,77906591,77904283,77908513,77901444,77907548,77901149',7,1560237790),(1128,2,10,'77907176,77904769,77903847,77903270,77902728,77901960,77906456,77909241,77903887,77907360',7,1560237790),(1129,2,10,'77903845,77904156,77905872,77903813,77906981,77904607,77908402,77905662,77904335,77904690',7,1560237790),(1130,2,10,'77906696,77904751,77906874,77902997,77909472,77906424,77903067,77902622,77902950,77902525',7,1560237790),(1131,2,10,'77903883,77902160,77904847,77907397,77906791,77904703,77901383,77903885,77904760,77908846',7,1560237790),(1132,2,10,'77901277,77906332,77904258,77908682,77908746,77906581,77907254,77902806,77905511,77909977',7,1560237790),(1133,2,10,'77902217,77903310,77904789,77908363,77909115,77908789,77906300,77907083,77907417,77904336',7,1560237790),(1134,2,10,'77905261,77906981,77908093,77906545,77901393,77904400,77908611,77909511,77907913,77909185',7,1560237790),(1135,2,10,'77901939,77902825,77906541,77908678,77903546,77907584,77901495,77903725,77906401,77904379',7,1560237790),(1136,2,10,'77901494,77908667,77907973,77905305,77901757,77906350,77901231,77908956,77902002,77902117',7,1560237790),(1137,2,10,'77901643,77909425,77906448,77905812,77902178,77905306,77905814,77904778,77909305,77908693',7,1560237790),(1138,2,10,'77904319,77908860,77906992,77909180,77901681,77905400,77901709,77909860,77902119,77904243',7,1560237790),(1139,2,10,'77904424,77909327,77905353,77901733,77903605,77901675,77906600,77907713,77901222,77903498',7,1560237790),(1140,2,10,'77905579,77909527,77903744,77908889,77906509,77908018,77904138,77907442,77909110,77908531',7,1560237790),(1141,2,10,'77908874,77902251,77908599,77902909,77901921,77909909,77904696,77905497,77907747,77906511',7,1560237790),(1142,2,10,'77901618,77908137,77901321,77908650,77908086,77907173,77907112,77901420,77901317,77903450',7,1560237790),(1143,2,10,'77909088,77901415,77908031,77902311,77904719,77902728,77905446,77904599,77904973,77903953',7,1560237790),(1144,2,10,'77902281,77906659,77907319,77908183,77902754,77909334,77904725,77905014,77906585,77908968',7,1560237790),(1145,2,10,'77903660,77906538,77908992,77906405,77906094,77902349,77909694,77906989,77909494,77904540',7,1560237790),(1146,2,10,'77903910,77902562,77906830,77902707,77909358,77907470,77904570,77908942,77903257,77904555',7,1560237790),(1147,2,10,'77904683,77903838,77903327,77908162,77904638,77908491,77904785,77901134,77906403,77903493',7,1560237790),(1148,2,10,'77907350,77906815,77907448,77909939,77906241,77908049,77909741,77908422,77901178,77901179',7,1560237790),(1149,2,10,'77901751,77902036,77905378,77905050,77903446,77907374,77909560,77907004,77903295,77909530',7,1560237790),(1150,2,10,'77908944,77907886,77903268,77907099,77903248,77904040,77909832,77903174,77905690,77905309',7,1560237790),(1151,2,10,'77906957,77905348,77906990,77908037,77901111,77907715,77902365,77904067,77903264,77908870',7,1560237790),(1152,2,10,'77909536,77907745,77901883,77902906,77905721,77901912,77907937,77906416,77908637,77909913',7,1560237790),(1153,2,10,'77909896,77904494,77904506,77905592,77909728,77904735,77902043,77903293,77904902,77901231',7,1560237790),(1154,2,10,'77905470,77903859,77906386,77901577,77905504,77903633,77902649,77908867,77906364,77903461',7,1560237790),(1155,2,10,'77904661,77903693,77907770,77908685,77909889,77907151,77904938,77902149,77902303,77908833',7,1560237790),(1156,2,10,'77906590,77907197,77906372,77902833,77907942,77906673,77906063,77905746,77908714,77905921',7,1560237790),(1157,2,10,'77907846,77902664,77904125,77905783,77904690,77901182,77902894,77902605,77903062,77904393',7,1560237790),(1158,2,10,'77909238,77906230,77904933,77901892,77904878,77904000,77907771,77905771,77903031,77905762',7,1560237790),(1159,2,10,'77904545,77905625,77903417,77907857,77901722,77904547,77901254,77902129,77901273,77901131',7,1560237790),(1160,2,10,'77905260,77902924,77909665,77907472,77901656,77902083,77901868,77904161,77908158,77904952',7,1560237790),(1161,2,10,'77902351,77903295,77901987,77903373,77904081,77903465,77909861,77902691,77904528,77907766',7,1560237790),(1162,2,10,'77908999,77903749,77905661,77905792,77908119,77902891,77904948,77909636,77902440,77909960',7,1560237790),(1163,2,10,'77904358,77908892,77909681,77903302,77901360,77906654,77907061,77901758,77906922,77901516',7,1560237790),(1164,2,10,'77903298,77901674,77909514,77905571,77902611,77903892,77902103,77908413,77904720,77904756',7,1560237790),(1165,2,10,'77909160,77904136,77904842,77905111,77905652,77909334,77902696,77901300,77907048,77909100',7,1560237790),(1166,2,10,'77902502,77903167,77906318,77902028,77903977,77907055,77909929,77909212,77902341,77904808',7,1560237790),(1167,2,10,'77901851,77902245,77906313,77901770,77906552,77902222,77902110,77907785,77908001,77907736',7,1560237790),(1168,2,10,'77907453,77901197,77903667,77903881,77908559,77909848,77904518,77907251,77905148,77903084',7,1560237790),(1169,2,10,'77908024,77902939,77901438,77908748,77907153,77907539,77906148,77905183,77908373,77906144',7,1560237790),(1170,2,10,'77905496,77902233,77904654,77906350,77908202,77905242,77902465,77902249,77909485,77906054',7,1560237790),(1171,2,10,'77903773,77901435,77909062,77901012,77906049,77907001,77902152,77908961,77902259,77908543',7,1560237790),(1172,2,10,'77906475,77908243,77907874,77909152,77908250,77908704,77906863,77907424,77907194,77906685',7,1560237790),(1173,2,10,'77905693,77906452,77907527,77903033,77906333,77904829,77908967,77903089,77906253,77905650',7,1560237790),(1174,2,10,'77906734,77907697,77907421,77907508,77909545,77904203,77907305,77904496,77903620,77902448',7,1560237790),(1175,2,10,'77907876,77904210,77906678,77907778,77906600,77909741,77904936,77903035,77905448,77901685',7,1560237790),(1176,2,10,'77907115,77902563,77901887,77901135,77908432,77907207,77906887,77906684,77908607,77904310',7,1560237790),(1177,2,10,'77908916,77903426,77902858,77903716,77909943,77907956,77908903,77901768,77907437,77905367',7,1560237790),(1178,2,10,'77903963,77908310,77903367,77903252,77905755,77901687,77904201,77904705,77909498,77909741',7,1560237790),(1179,2,10,'77902908,77908321,77905911,77901816,77905956,77908192,77908212,77905757,77906316,77902913',7,1560237790),(1180,2,10,'77907121,77908907,77901454,77904578,77906857,77903109,77902341,77902779,77907137,77902708',7,1560237790),(1181,2,10,'77906444,77909612,77903181,77908548,77906733,77905669,77903707,77907971,77909676,77903044',7,1560237790),(1182,2,10,'77903934,77901822,77908243,77909332,77903582,77904444,77908901,77909625,77906868,77907682',7,1560237790),(1183,2,10,'77904619,77902518,77904511,77907879,77901867,77909104,77909731,77905878,77902613,77909978',7,1560237790),(1184,2,10,'77904245,77907024,77904326,77908232,77901273,77903160,77908974,77902461,77909534,77908630',7,1560237790),(1185,2,10,'77905027,77904758,77906246,77906278,77903452,77904717,77909127,77901447,77901720,77905432',7,1560237790),(1186,2,10,'77904398,77903982,77901798,77905497,77909776,77901225,77901155,77908005,77902480,77903022',7,1560237790),(1187,2,10,'77901761,77902551,77909229,77905714,77901083,77901227,77907241,77901147,77901090,77902628',7,1560237790),(1188,2,10,'77905236,77903664,77908252,77909847,77907432,77905109,77906537,77903478,77904548,77901825',7,1560237790),(1189,2,10,'77902414,77904615,77909803,77903657,77906852,77902852,77904915,77906947,77908318,77901282',7,1560237790),(1190,2,10,'77903104,77903540,77908783,77907499,77904087,77907780,77905715,77906597,77903084,77902510',7,1560237790),(1191,2,10,'77901082,77906170,77908813,77902073,77901353,77909311,77907494,77907315,77908497,77905614',7,1560237790),(1192,2,10,'77907844,77905578,77901984,77907173,77905083,77906706,77901780,77903581,77907930,77907044',7,1560237790),(1193,2,10,'77905356,77906933,77902603,77907434,77905680,77906822,77906820,77904220,77909221,77906342',7,1560237790),(1194,2,10,'77906802,77907247,77908948,77904087,77902265,77903858,77902329,77903150,77906430,77903896',7,1560237790),(1195,2,10,'77909332,77902125,77901015,77903706,77909428,77904105,77908239,77904131,77904584,77907686',7,1560237790),(1196,2,10,'77909820,77901515,77901269,77906960,77909977,77905702,77901453,77909520,77908429,77904036',7,1560237790),(1197,2,10,'77902603,77909462,77909394,77906359,77906689,77905379,77903593,77909017,77902179,77909363',7,1560237790),(1198,2,10,'77904242,77903852,77909042,77902010,77902061,77905209,77906747,77904413,77901269,77904931',7,1560237790),(1199,2,10,'77906263,77906165,77901584,77908362,77905058,77901361,77907226,77907346,77905100,77906594',7,1560237790),(1200,2,10,'77908912,77907226,77903860,77906957,77901862,77908846,77903305,77901046,77903795,77908551',7,1560237790),(1201,2,10,'77909905,77909952,77909928,77907183,77907627,77905271,77901982,77901087,77902942,77908096',7,1560237790),(1202,2,10,'77902174,77909106,77906816,77908020,77901224,77909584,77907721,77908137,77903350,77903364',7,1560237790),(1203,2,9,'77907623,77907042,77908271,77904791,77903992,77907828,77902205,77905709,77907796',7,1560237790);
/*!40000 ALTER TABLE `ydb_fundjoindetail` ENABLE KEYS */;

#
# Structure for table "ydb_fundshowwin"
#

DROP TABLE IF EXISTS `ydb_fundshowwin`;
CREATE TABLE `ydb_fundshowwin` (
  `id` int(11) NOT NULL AUTO_INCREMENT,
  `user_id` int(11) NOT NULL DEFAULT '0',
  `fund_id` int(11) NOT NULL DEFAULT '0',
  `fund_name` varchar(20) NOT NULL DEFAULT '',
  `fund_pic` varchar(50) NOT NULL DEFAULT '',
  `comment` varchar(100) DEFAULT NULL,
  `addtime` int(11) NOT NULL DEFAULT '0',
  PRIMARY KEY (`id`)
) ENGINE=MyISAM AUTO_INCREMENT=2 DEFAULT CHARSET=utf8;

#
# Data for table "ydb_fundshowwin"
#

/*!40000 ALTER TABLE `ydb_fundshowwin` DISABLE KEYS */;
INSERT INTO `ydb_fundshowwin` VALUES (1,7,1,'梦想助力基金','/Public/Uploads/2019-06-09/5cfcd4023368b.jpg','真的假的，我都有点不敢相信自己的眼睛了。',1560154824);
/*!40000 ALTER TABLE `ydb_fundshowwin` ENABLE KEYS */;

#
# Structure for table "ydb_fundwinlog"
#

DROP TABLE IF EXISTS `ydb_fundwinlog`;
CREATE TABLE `ydb_fundwinlog` (
  `id` int(11) NOT NULL AUTO_INCREMENT,
  `fund_id` int(11) NOT NULL DEFAULT '0',
  `user_id` int(11) NOT NULL DEFAULT '0',
  `wintime` int(11) NOT NULL DEFAULT '0',
  `winnumber` text NOT NULL COMMENT '中奖号码',
  `status` tinyint(1) NOT NULL DEFAULT '0' COMMENT '0异常1 正常',
  PRIMARY KEY (`id`)
) ENGINE=MyISAM AUTO_INCREMENT=3 DEFAULT CHARSET=utf8 COMMENT='梦想基金中奖记录';

#
# Data for table "ydb_fundwinlog"
#

/*!40000 ALTER TABLE `ydb_fundwinlog` DISABLE KEYS */;
INSERT INTO `ydb_fundwinlog` VALUES (1,1,7,1560075971,'59708553',1),(2,2,4,1560237790,'36427854',1);
/*!40000 ALTER TABLE `ydb_fundwinlog` ENABLE KEYS */;

#
# Structure for table "ydb_good"
#

DROP TABLE IF EXISTS `ydb_good`;
CREATE TABLE `ydb_good` (
  `id` int(11) NOT NULL AUTO_INCREMENT,
  `good_name` varchar(20) NOT NULL DEFAULT '',
  `good_pic` varchar(50) DEFAULT NULL,
  `good_price` decimal(6,0) DEFAULT NULL,
  `neednumber` decimal(6,0) DEFAULT NULL COMMENT '夺宝所需次数',
  `addtime` int(11) NOT NULL DEFAULT '0' COMMENT '添加时间',
  `status` tinyint(1) NOT NULL DEFAULT '0' COMMENT '0上线1下架',
  PRIMARY KEY (`id`)
) ENGINE=MyISAM AUTO_INCREMENT=7 DEFAULT CHARSET=utf8 ROW_FORMAT=DYNAMIC;

#
# Data for table "ydb_good"
#

/*!40000 ALTER TABLE `ydb_good` DISABLE KEYS */;
INSERT INTO `ydb_good` VALUES (1,'OPPO A37','/Public/Uploads/2019-05-21/5ce3b0f38c5d3.jpg',1981,2064,1558411408,0),(2,'vivo R17','/Public/Uploads/2019-05-24/5ce7436917edc.jpg',2466,2646,1558430140,0),(4,'华为荣耀10','/Public\\Uploads\\2019-05-24/5ce74fe44d737.jpg',1988,2000,1558663140,0),(5,'华为荣耀9','/Public/Uploads/2019-05-26/5cea5e659aaaf.jpg',1698,1700,1558863461,0);
/*!40000 ALTER TABLE `ydb_good` ENABLE KEYS */;

#
# Structure for table "ydb_joindetail"
#

DROP TABLE IF EXISTS `ydb_joindetail`;
CREATE TABLE `ydb_joindetail` (
  `id` int(11) NOT NULL AUTO_INCREMENT,
  `good_id` int(11) NOT NULL DEFAULT '0',
  `good_no` int(11) NOT NULL DEFAULT '0' COMMENT '期数',
  `buy_count` decimal(6,0) DEFAULT NULL COMMENT '购买个数',
  `lucky_number` text NOT NULL COMMENT '幸运码',
  `user_id` int(11) NOT NULL DEFAULT '0',
  `jointime` int(11) NOT NULL DEFAULT '0',
  PRIMARY KEY (`id`)
) ENGINE=MyISAM AUTO_INCREMENT=583 DEFAULT CHARSET=utf8;

#
# Data for table "ydb_joindetail"
#

/*!40000 ALTER TABLE `ydb_joindetail` DISABLE KEYS */;
INSERT INTO `ydb_joindetail` VALUES (1,1,1,1,'02456896',1,1558436756),(2,1,1,1,'02483678',2,1558610616),(3,1,2,1,'02563948',2,1559205106),(4,5,1,10,'53297754,53292398,53296756,53296385,53298549,53291790,53294097,53292781,53297708,53292993',7,1559525329),(5,5,1,10,'53299786,53299283,53291577,53293476,53298920,53293112,53298998,53295206,53299090,53291986',7,1559525329),(6,5,1,10,'53298316,53295653,53294391,53291124,53299374,53296786,53292417,53299244,53298516,53296073',7,1559525329),(7,5,1,10,'53296261,53293565,53296585,53295483,53295517,53291806,53298927,53292485,53293279,53298186',7,1559525329),(8,5,1,10,'53297383,53298047,53297141,53294423,53297299,53291639,53292196,53293736,53299517,53293228',7,1559525329),(9,5,1,10,'53295038,53295845,53291381,53291285,53299761,53295967,53291736,53296777,53295959,53293821',7,1559525329),(10,5,1,10,'53296925,53298173,53295725,53293627,53298792,53297443,53297653,53295102,53293680,53292054',7,1559525329),(11,5,1,10,'53295837,53293466,53291433,53292976,53297870,53297438,53297395,53297677,53297847,53293235',7,1559525329),(12,5,1,10,'53294410,53299126,53294361,53298578,53296822,53294792,53299506,53299684,53296473,53295643',7,1559525329),(13,5,1,10,'53293876,53296273,53298709,53299149,53298564,53292563,53295373,53298278,53294164,53297273',7,1559525329),(14,5,1,10,'53291808,53299498,53292769,53296621,53297858,53295779,53292975,53299327,53291867,53293590',7,1559525329),(15,5,1,10,'53297874,53291610,53292679,53294898,53297060,53291187,53296637,53297174,53293626,53293277',7,1559525329),(16,5,1,10,'53295586,53293384,53295168,53297600,53294868,53298999,53295777,53299375,53295329,53297988',7,1559525329),(17,5,1,10,'53294049,53298319,53293310,53296818,53293077,53298652,53298658,53297458,53291454,53291092',7,1559525329),(18,5,1,10,'53298714,53297378,53292275,53297859,53294322,53298546,53294133,53291670,53299828,53298430',7,1559525329),(19,5,1,10,'53291121,53294745,53298073,53299001,53299835,53297803,53294403,53297725,53296366,53296061',7,1559525329),(20,5,1,10,'53298660,53296573,53297310,53298240,53298188,53293012,53296760,53299557,53293832,53298012',7,1559525329),(21,5,1,10,'53293309,53299732,53299935,53291041,53299051,53293983,53299341,53292068,53294581,53291028',7,1559525329),(22,5,1,10,'53297393,53298562,53291992,53295088,53294935,53294492,53298877,53296880,53297312,53295326',7,1559525329),(23,5,1,10,'53291330,53291623,53296366,53294033,53294946,53297036,53297441,53297081,53294817,53299337',7,1559525329),(24,5,1,10,'53292382,53297441,53298538,53298246,53295532,53292579,53291203,53297982,53298734,53293466',7,1559525329),(25,5,1,10,'53298404,53298262,53298333,53297569,53296237,53294306,53295173,53297858,53292294,53294832',7,1559525329),(26,5,1,10,'53294596,53291801,53298669,53295059,53297447,53299368,53295957,53294707,53291069,53291026',7,1559525329),(27,5,1,10,'53296250,53297993,53294307,53295744,53298143,53295636,53294504,53292992,53295729,53291856',7,1559525329),(28,5,1,10,'53292503,53293738,53296603,53295370,53293649,53295451,53294857,53292398,53298785,53291099',7,1559525329),(29,5,1,10,'53298086,53291659,53295255,53296152,53291383,53297371,53292903,53294577,53291342,53291252',7,1559525329),(30,5,1,10,'53297072,53292845,53292057,53295523,53299607,53292923,53292122,53291901,53296850,53292280',7,1559525329),(31,5,1,10,'53294630,53293605,53298647,53292886,53298176,53291354,53292339,53292208,53296852,53298366',7,1559525329),(32,5,1,10,'53296772,53292215,53298253,53296361,53299289,53299377,53296472,53298557,53291734,53297662',7,1559525329),(33,5,1,10,'53299103,53295673,53297450,53293539,53291240,53291928,53299282,53297977,53298477,53296040',7,1559525329),(34,5,1,10,'53293572,53299443,53296907,53294229,53299165,53299908,53294124,53295212,53294405,53296840',7,1559525329),(35,5,1,10,'53293222,53294209,53298135,53292207,53292795,53299938,53297698,53292478,53295936,53298619',7,1559525329),(36,5,1,10,'53293940,53299622,53292239,53298969,53292203,53293109,53293798,53296208,53293331,53292905',7,1559525329),(37,5,1,10,'53299206,53299055,53293669,53296481,53293558,53293728,53294059,53296805,53293447,53297945',7,1559525329),(38,5,1,10,'53299845,53291346,53292967,53297927,53293872,53291073,53299712,53293390,53299483,53293454',7,1559525329),(39,5,1,10,'53298775,53297555,53299521,53291457,53297750,53292140,53299331,53291553,53299730,53299364',7,1559525329),(40,5,1,10,'53299756,53295709,53294311,53291945,53297140,53292394,53293585,53292102,53292327,53292578',7,1559525329),(41,5,1,10,'53296145,53299554,53299661,53293728,53296087,53291519,53292984,53297814,53292004,53294718',7,1559525329),(42,5,1,10,'53295642,53293304,53295988,53295367,53299477,53291167,53297635,53293186,53291834,53297872',7,1559525329),(43,5,1,10,'53291038,53292394,53291556,53297388,53292790,53292709,53294987,53296183,53296986,53298351',7,1559525329),(44,5,1,10,'53293971,53296225,53293219,53291037,53293851,53294985,53293582,53292987,53295471,53294430',7,1559525329),(45,5,1,10,'53296671,53294920,53295176,53292030,53296577,53292053,53293808,53298752,53291896,53293107',7,1559525329),(46,5,1,10,'53296712,53294067,53294721,53293299,53295731,53297941,53294645,53292349,53296209,53298846',7,1559525329),(47,5,1,10,'53294762,53294475,53298989,53298748,53293667,53299396,53291416,53295117,53294453,53293330',7,1559525329),(48,5,1,10,'53292334,53298921,53295713,53293997,53298085,53298630,53291541,53296615,53291514,53296212',7,1559525329),(49,5,1,10,'53298532,53291903,53295965,53298136,53292778,53293079,53294281,53297370,53299874,53299864',7,1559525329),(50,5,1,10,'53291805,53291384,53295914,53298474,53298383,53291145,53297490,53297629,53292357,53294124',7,1559525329),(51,5,1,10,'53298698,53292548,53292571,53293288,53298130,53291949,53295369,53295106,53298880,53291051',7,1559525329),(52,5,1,10,'53292595,53292547,53299542,53298574,53298593,53292080,53294211,53291735,53296205,53295674',7,1559525329),(53,5,1,10,'53299479,53297253,53299777,53291797,53291440,53292348,53292151,53291418,53295688,53294737',7,1559525329),(54,5,1,10,'53296672,53292006,53297318,53299641,53296183,53295529,53294922,53297776,53296028,53299457',7,1559525329),(55,5,1,10,'53291594,53293363,53297051,53296757,53294928,53295120,53295596,53293900,53299018,53298265',7,1559525329),(56,5,1,10,'53292505,53292853,53293458,53293518,53293124,53291085,53299341,53294097,53298295,53299565',7,1559525329),(57,5,1,10,'53297262,53299721,53295363,53297762,53299313,53296608,53294171,53296645,53295089,53293478',7,1559525329),(58,5,1,10,'53291063,53293682,53296683,53294549,53295882,53299842,53293689,53299541,53295974,53294594',7,1559525329),(59,5,1,10,'53298201,53294670,53292180,53297906,53299813,53297657,53298845,53298248,53292618,53294721',7,1559525329),(60,5,1,10,'53298814,53297588,53293210,53294579,53297428,53293394,53295683,53292451,53295533,53296636',7,1559525329),(61,5,1,10,'53298631,53297055,53298472,53295783,53296147,53294611,53298088,53292802,53295825,53293836',7,1559525329),(62,5,1,10,'53299726,53294163,53291759,53298951,53295230,53292835,53291542,53291672,53298942,53295286',7,1559525329),(63,5,1,10,'53298269,53294220,53293707,53294485,53292533,53297313,53293869,53296901,53295428,53296169',7,1559525329),(64,5,1,10,'53291270,53295503,53296548,53299508,53291256,53296758,53298985,53293548,53294669,53293637',7,1559525329),(65,5,1,10,'53292335,53296007,53297854,53292608,53297691,53293106,53292655,53295639,53295647,53293562',7,1559525329),(66,5,1,10,'53293414,53291199,53298296,53292594,53291976,53299258,53295231,53298921,53293684,53299283',7,1559525329),(67,5,1,10,'53298548,53298762,53299383,53293244,53297840,53291835,53296415,53296609,53296199,53291359',7,1559525329),(68,5,1,10,'53294626,53293347,53292221,53297053,53299357,53298927,53297999,53295136,53293454,53297317',7,1559525329),(69,5,1,10,'53294126,53294326,53291260,53294987,53292697,53298843,53293619,53293905,53292305,53299404',7,1559525329),(70,5,1,10,'53296874,53291540,53296043,53291229,53292870,53298860,53293507,53292037,53295949,53295334',7,1559525329),(71,5,1,10,'53296788,53297046,53297957,53291932,53295482,53296974,53295235,53295121,53292682,53296041',7,1559525329),(72,5,1,10,'53297629,53297871,53295981,53293966,53292482,53297650,53299473,53294967,53298638,53296428',7,1559525329),(73,5,1,10,'53292753,53298763,53294440,53291672,53296913,53291572,53298732,53294351,53292549,53291114',7,1559525329),(74,5,1,10,'53298859,53292935,53291752,53292607,53295663,53298392,53293118,53295770,53294488,53299191',7,1559525329),(75,5,1,10,'53299739,53295822,53296179,53297300,53292210,53292481,53297079,53299188,53291625,53298966',7,1559525329),(76,5,1,10,'53298031,53297825,53296576,53296996,53295380,53299678,53292159,53299790,53298970,53297717',7,1559525329),(77,5,1,10,'53294966,53298066,53296143,53298411,53299091,53296044,53296744,53294727,53294128,53293441',7,1559525329),(78,5,1,10,'53297116,53293135,53292172,53294477,53298104,53295604,53291815,53298870,53296050,53299602',7,1559525329),(79,5,1,10,'53296151,53292840,53291800,53298097,53294774,53294105,53299696,53297560,53299779,53297883',7,1559525329),(80,5,1,10,'53293582,53299959,53291758,53294893,53296802,53293761,53291805,53298355,53292200,53298937',7,1559525329),(81,5,1,10,'53298514,53298987,53294119,53294954,53296979,53292007,53294404,53292782,53294794,53295135',7,1559525329),(82,5,1,10,'53298397,53298890,53295052,53294589,53297943,53297245,53296348,53299088,53298386,53294317',7,1559525329),(83,5,1,10,'53292774,53294850,53291569,53292075,53291925,53299595,53291836,53296987,53296894,53299542',7,1559525329),(84,5,1,10,'53291031,53293022,53297275,53294408,53294497,53295649,53296162,53297412,53294078,53297836',7,1559525329),(85,5,1,10,'53292149,53299275,53295119,53297053,53297329,53295213,53298462,53295267,53292296,53293946',7,1559525329),(86,5,1,10,'53291452,53298949,53298144,53299693,53292931,53292066,53295467,53294173,53299245,53299087',7,1559525329),(87,5,1,10,'53296358,53299603,53293237,53294982,53299411,53297704,53298250,53295218,53298720,53292693',7,1559525329),(88,5,1,10,'53297128,53292765,53292878,53293289,53295216,53294091,53293980,53294712,53293356,53292165',7,1559525329),(89,5,1,10,'53291619,53296680,53296892,53293456,53297889,53294411,53297669,53299932,53293384,53296625',7,1559525329),(90,5,1,10,'53292029,53291063,53299196,53298540,53298818,53295817,53295921,53299875,53296378,53293662',7,1559525329),(91,5,1,10,'53295652,53295848,53294553,53295568,53296983,53295179,53298687,53299004,53294006,53293086',7,1559525329),(92,5,1,10,'53291624,53296937,53294317,53298288,53296707,53295838,53292009,53297004,53296781,53297673',7,1559525329),(93,5,1,10,'53294676,53297952,53297189,53299914,53296410,53296351,53298774,53295527,53295807,53291920',7,1559525329),(94,5,1,10,'53297881,53299982,53295960,53297878,53295353,53297247,53295462,53295944,53296534,53293792',7,1559525329),(95,5,1,10,'53297408,53299335,53293268,53291585,53291391,53298772,53299898,53297094,53298504,53298472',7,1559525329),(96,5,1,10,'53299268,53294290,53299343,53298154,53296723,53298639,53296999,53293038,53293105,53294112',7,1559525329),(97,5,1,10,'53299068,53291841,53293759,53296176,53299642,53298784,53299528,53297801,53297317,53295583',7,1559525329),(98,5,1,10,'53297756,53296455,53295184,53295459,53298286,53294107,53291839,53298130,53297463,53297226',7,1559525329),(99,5,1,10,'53299374,53298814,53296131,53298781,53298385,53297231,53299632,53296240,53291963,53297599',7,1559525329),(100,5,1,10,'53299811,53291572,53296704,53299637,53293012,53291245,53297700,53298564,53298077,53297230',7,1559525329),(101,5,1,10,'53293546,53294098,53293352,53297993,53296336,53299458,53297680,53295505,53295662,53296363',7,1559525329),(102,5,1,10,'53298404,53296233,53294619,53298032,53296368,53293147,53291802,53295183,53296916,53292715',7,1559525329),(103,5,1,10,'53299302,53292036,53291892,53296907,53297714,53297308,53295640,53294190,53299133,53297219',7,1559525329),(104,5,1,10,'53291002,53295533,53293151,53291488,53292324,53298406,53291862,53293332,53291448,53295777',7,1559525329),(105,5,1,10,'53293860,53293472,53293719,53294115,53293240,53296125,53299980,53295388,53297593,53292011',7,1559525329),(106,5,1,10,'53297575,53297066,53292016,53294347,53296348,53292117,53293100,53293854,53292643,53296009',7,1559525329),(107,5,1,10,'53294940,53294749,53296302,53292712,53296130,53296752,53294671,53297694,53299763,53295081',7,1559525329),(108,5,1,10,'53297592,53294925,53295434,53298455,53292410,53299872,53295235,53293093,53297968,53296504',7,1559525329),(109,5,1,10,'53297760,53296713,53292610,53291291,53297105,53295534,53295179,53295201,53291861,53298275',7,1559525329),(110,5,1,10,'53293020,53296703,53294123,53291155,53295977,53297766,53293485,53291892,53291392,53295857',7,1559525329),(111,5,1,10,'53293040,53295705,53298110,53292947,53291382,53293313,53294475,53295504,53291605,53297935',7,1559525329),(112,5,1,10,'53299330,53296496,53292302,53291290,53291019,53293392,53296568,53295595,53297385,53297161',7,1559525329),(113,5,1,10,'53293997,53292571,53296773,53296273,53296681,53295435,53299027,53292694,53294214,53294907',7,1559525329),(114,5,1,10,'53291489,53292895,53298691,53295204,53293004,53298845,53299705,53296047,53299915,53299010',7,1559525329),(115,5,1,10,'53291350,53292653,53295067,53295362,53299219,53293742,53292803,53294368,53299407,53294532',7,1559525329),(116,5,1,10,'53293966,53297996,53299507,53294742,53294901,53294717,53293613,53298590,53296451,53295498',7,1559525329),(117,5,1,10,'53298319,53296796,53294961,53297809,53298717,53293578,53291273,53294617,53293403,53297655',7,1559525329),(118,5,1,10,'53299731,53292392,53294470,53295246,53294179,53293103,53291511,53295069,53297962,53294218',7,1559525329),(119,5,1,10,'53296621,53292343,53293922,53297706,53299393,53295788,53296404,53292036,53293921,53291621',7,1559525329),(120,5,1,10,'53297251,53297177,53296798,53297561,53292807,53292597,53293119,53299827,53292916,53298264',7,1559525329),(121,5,1,10,'53299477,53298139,53293921,53293649,53291965,53296714,53296667,53298719,53296178,53295271',7,1559525329),(122,5,1,10,'53297496,53292944,53297210,53298030,53297253,53296291,53293654,53295709,53292282,53297231',7,1559525329),(123,5,1,10,'53297603,53292526,53292426,53297731,53298653,53297200,53294029,53295260,53299895,53295951',7,1559525329),(124,5,1,10,'53297935,53291787,53299925,53297497,53291487,53293781,53292835,53297057,53293529,53294211',7,1559525329),(125,5,1,10,'53295220,53294348,53291405,53299544,53292174,53293591,53294960,53293751,53291290,53294504',7,1559525329),(126,5,1,10,'53291535,53292300,53295661,53292306,53299976,53297159,53294882,53295715,53298626,53296798',7,1559525329),(127,5,1,10,'53292046,53299950,53297328,53293184,53294748,53295730,53292427,53292788,53297080,53296274',7,1559525329),(128,5,1,10,'53293766,53297577,53297637,53292301,53297690,53296020,53299513,53297028,53296041,53299086',7,1559525329),(129,5,1,10,'53292300,53292175,53294163,53295244,53297094,53299961,53292901,53295463,53294487,53293105',7,1559525329),(130,5,1,10,'53297597,53297211,53296573,53293824,53291097,53293457,53292946,53292839,53296743,53299670',7,1559525329),(131,5,1,10,'53295701,53294367,53297379,53299818,53294429,53298128,53298349,53291371,53292227,53299339',7,1559525329),(132,5,1,10,'53291497,53294296,53296686,53297721,53291166,53297064,53292901,53297492,53298200,53292642',7,1559525329),(133,5,1,10,'53297466,53298369,53299944,53296499,53295474,53295573,53297240,53292604,53294520,53297822',7,1559525329),(134,5,1,10,'53295433,53296426,53297696,53291335,53295366,53291934,53294596,53293830,53293383,53294596',7,1559525329),(135,5,1,10,'53297316,53291526,53299328,53297381,53295447,53293142,53291544,53297758,53292084,53293897',7,1559525329),(136,5,1,10,'53297875,53297695,53294821,53293509,53296666,53294662,53297751,53296197,53297759,53299627',7,1559525329),(137,5,1,10,'53299468,53292681,53297498,53292058,53294066,53296178,53296728,53291925,53298138,53297407',7,1559525329),(138,5,1,10,'53291792,53296697,53296779,53291588,53292534,53299341,53297583,53296438,53295297,53297327',7,1559525329),(139,5,1,10,'53294641,53298177,53291925,53292624,53295550,53296524,53296762,53291700,53294402,53295696',7,1559525329),(140,5,1,10,'53292652,53296524,53298791,53295414,53293939,53295565,53293811,53299895,53292466,53299792',7,1559525329),(141,5,1,10,'53296055,53299859,53293576,53297672,53299618,53299524,53298115,53291176,53294093,53298609',7,1559525329),(142,5,1,10,'53293425,53295772,53291574,53292332,53298350,53295428,53299655,53298413,53291234,53296613',7,1559525329),(143,5,1,10,'53294428,53294070,53299921,53292297,53292489,53297022,53293754,53297947,53296931,53293488',7,1559525329),(144,5,1,10,'53291578,53297533,53297347,53292186,53298736,53297523,53296832,53297336,53298071,53299886',7,1559525329),(145,5,1,10,'53293979,53299655,53294928,53293091,53291882,53294363,53299150,53297107,53298134,53299178',7,1559525329),(146,5,1,10,'53298081,53291401,53297830,53291319,53292565,53295944,53298562,53297506,53296945,53299204',7,1559525329),(147,5,1,10,'53294426,53294956,53294065,53294149,53293014,53292388,53298270,53296248,53297421,53294022',7,1559525329),(148,5,1,10,'53292402,53298471,53297240,53299576,53299806,53298285,53295564,53295268,53294325,53297660',7,1559525329),(149,5,1,10,'53299989,53298818,53299302,53294064,53295606,53296444,53297583,53298467,53299011,53296864',7,1559525329),(150,5,1,10,'53294510,53299336,53295296,53295299,53299928,53298640,53292056,53291466,53292179,53293849',7,1559525329),(151,5,1,10,'53292385,53298584,53299108,53295931,53294875,53298372,53299059,53293355,53293622,53295048',7,1559525329),(152,5,1,10,'53292874,53297089,53296218,53297332,53294899,53295602,53296757,53291443,53296977,53299864',7,1559525329),(153,5,1,10,'53293834,53295098,53295451,53298342,53299541,53294516,53291165,53293006,53294473,53298418',7,1559525329),(154,5,1,10,'53298463,53299325,53299724,53293020,53291189,53292266,53295886,53296042,53292686,53296299',7,1559525329),(155,5,1,10,'53295055,53293704,53294799,53295393,53295822,53294722,53293871,53296016,53292284,53294317',7,1559525329),(156,5,1,10,'53299745,53291137,53292032,53292206,53299766,53296224,53298161,53292609,53294777,53295248',7,1559525329),(157,5,1,10,'53291265,53295245,53299122,53294675,53292438,53295332,53295645,53296476,53291272,53292588',7,1559525329),(158,5,1,10,'53298689,53298118,53299862,53291234,53291099,53292571,53298802,53299987,53296217,53295304',7,1559525329),(159,5,1,10,'53291185,53296066,53296889,53299284,53293605,53297189,53298456,53292981,53291157,53298577',7,1559525329),(160,5,1,10,'53292764,53296364,53291432,53299947,53294156,53297901,53297526,53296518,53294476,53299561',7,1559525329),(161,5,1,10,'53299033,53297009,53299067,53298813,53299045,53296639,53299774,53297625,53296156,53295126',7,1559525329),(162,5,1,10,'53292939,53293467,53293462,53296690,53297407,53297306,53298554,53292048,53291522,53297613',7,1559525329),(163,5,1,10,'53296527,53294420,53294127,53296355,53294974,53294524,53292566,53291001,53296990,53296580',7,1559525329),(164,5,1,10,'53296682,53292521,53292168,53291305,53293820,53298382,53292602,53291919,53293824,53292554',7,1559525329),(165,5,1,10,'53296886,53298141,53293036,53299505,53299113,53296189,53292301,53294204,53297877,53294781',7,1559525329),(166,5,1,10,'53296962,53292120,53296272,53298138,53298864,53295221,53292891,53296976,53294350,53291977',7,1559525329),(167,5,1,10,'53299829,53295516,53293263,53293356,53297679,53293476,53291948,53296826,53298535,53295075',7,1559525329),(168,5,1,10,'53291248,53295358,53291990,53291031,53296507,53295418,53299139,53294563,53299569,53298976',7,1559525329),(169,5,1,10,'53291575,53296390,53296778,53294502,53299392,53291730,53297976,53292962,53294183,53298303',7,1559525329),(170,5,1,10,'53299509,53291828,53297043,53293328,53293219,53293066,53297565,53294522,53293451,53294146',7,1559525329),(171,5,1,10,'53298843,53297105,53292048,53297036,53299470,53291795,53294354,53299206,53293541,53291812',7,1559525329),(172,5,1,10,'53292213,53293624,53297648,53296873,53299968,53295759,53296887,53293198,53291464,53298579',7,1559525329),(173,5,1,10,'53298850,53298506,53299043,53299553,53297632,53299014,53296550,53291651,53291826,53294443',7,1559525329),(174,1,2,10,'89524976,89521610,89524707,89528612,89526596,89521055,89527796,89521545,89526301,89527655',7,1559638952),(175,1,2,10,'89527702,89527678,89524933,89525377,89523021,89528732,89527837,89529692,89525846,89528924',7,1559638952),(176,1,2,10,'89526856,89524566,89525770,89527974,89527334,89525471,89525887,89521100,89521114,89525373',7,1559638952),(177,1,2,10,'89524792,89526021,89522541,89521742,89525578,89528955,89523459,89525546,89526838,89529622',7,1559638952),(178,1,2,10,'89529210,89525255,89522666,89523240,89522639,89522837,89529657,89527528,89527090,89524761',7,1559638952),(179,1,2,10,'89523903,89528704,89525406,89523995,89521999,89526489,89522930,89527009,89527039,89525099',7,1559638952),(180,1,2,10,'89529508,89526770,89528615,89524254,89523482,89529749,89529823,89528173,89523696,89528913',7,1559638952),(181,1,2,10,'89529255,89527574,89526494,89521731,89521005,89526676,89523720,89528172,89521667,89525199',7,1559638952),(182,1,2,10,'89529718,89527705,89525336,89527360,89527330,89522299,89521604,89523878,89521902,89527422',7,1559638952),(183,1,2,10,'89522565,89527973,89523276,89527043,89526813,89521362,89527797,89527631,89528443,89526266',7,1559638952),(184,1,2,10,'89527308,89522154,89526047,89524401,89527153,89526082,89522719,89528988,89528176,89523382',7,1559638952),(185,1,2,10,'89526053,89521745,89526721,89529525,89521143,89524890,89523630,89528478,89524583,89529143',7,1559638953),(186,1,2,10,'89524249,89526710,89521466,89529722,89529420,89526190,89528387,89526346,89526488,89524387',7,1559638953),(187,1,2,10,'89521438,89523233,89525296,89523270,89526214,89529103,89522188,89529307,89527808,89521174',7,1559638953),(188,1,2,10,'89527007,89526467,89524814,89526166,89527099,89521219,89529326,89521295,89523305,89524531',7,1559638953),(189,1,2,10,'89521938,89524282,89529970,89524873,89523743,89521346,89529939,89524213,89524335,89521204',7,1559638953),(190,1,2,10,'89528553,89529019,89526808,89528076,89526658,89523261,89529756,89523680,89529597,89522408',7,1559638953),(191,1,2,10,'89527272,89521236,89529213,89528427,89526950,89529461,89521851,89529788,89522884,89525576',7,1559638953),(192,1,2,10,'89526355,89528460,89522667,89527297,89521067,89521911,89529394,89529845,89524832,89521110',7,1559638953),(193,1,2,10,'89523658,89523938,89524994,89523526,89526553,89522794,89522395,89522128,89527673,89526133',7,1559638953),(194,1,2,10,'89522381,89523383,89521110,89529173,89525794,89529262,89523460,89522632,89528979,89528233',7,1559638953),(195,1,2,10,'89528816,89528731,89523780,89522264,89526772,89529187,89524539,89526824,89529421,89528219',7,1559638953),(196,1,2,10,'89523101,89525883,89526356,89525546,89524809,89525908,89529673,89525387,89521508,89528869',7,1559638953),(197,1,2,10,'89528965,89527460,89527540,89523234,89527324,89526984,89525751,89528972,89523346,89523678',7,1559638953),(198,1,2,10,'89521482,89525552,89529124,89521761,89524579,89523942,89525251,89529951,89522385,89521612',7,1559638953),(199,1,2,10,'89523822,89525468,89524744,89529530,89523430,89526029,89527999,89527165,89527168,89526854',7,1559638953),(200,1,2,10,'89523995,89525485,89524632,89527662,89527074,89521959,89527913,89523671,89529082,89527557',7,1559638953),(201,1,2,10,'89526607,89523599,89526360,89521746,89523807,89522666,89528754,89524496,89527106,89529591',7,1559638953),(202,1,2,10,'89523607,89524275,89521598,89521592,89529763,89523053,89523878,89525388,89525565,89527297',7,1559638953),(203,1,2,10,'89528038,89527197,89529857,89529976,89523674,89526739,89529984,89528560,89522877,89528232',7,1559638953),(204,1,2,10,'89526788,89525017,89524243,89522395,89525613,89525816,89521864,89522447,89527304,89523925',7,1559638953),(205,1,2,10,'89523335,89528106,89528204,89525813,89522750,89525591,89529156,89524450,89527701,89523621',7,1559638953),(206,1,2,10,'89526505,89526303,89523284,89526415,89521095,89524342,89526091,89524691,89527268,89525036',7,1559638953),(207,1,2,10,'89521216,89522669,89527869,89521352,89525253,89529066,89528241,89528760,89523297,89521102',7,1559638953),(208,1,2,10,'89529229,89522229,89522940,89525495,89527175,89526227,89527276,89528465,89522925,89524722',7,1559638953),(209,1,2,10,'89525899,89529730,89521821,89524185,89521904,89524508,89524707,89526584,89522883,89521518',7,1559638953),(210,1,2,10,'89527927,89529386,89522930,89524980,89523325,89525562,89529639,89525612,89525244,89521579',7,1559638953),(211,1,2,10,'89528104,89527632,89525529,89528407,89525919,89521760,89529522,89525515,89526177,89521214',7,1559638953),(212,1,2,10,'89529068,89523870,89527473,89525713,89529511,89529942,89523899,89521475,89522694,89527700',7,1559638953),(213,1,2,10,'89523050,89526220,89522961,89523612,89528019,89526167,89522156,89528647,89528400,89521033',7,1559638953),(214,1,2,10,'89525622,89522274,89527287,89524037,89525203,89524461,89523274,89525900,89526244,89523678',7,1559638953),(215,1,2,10,'89528454,89521838,89529587,89521892,89523421,89529571,89522577,89525574,89529269,89526318',7,1559638953),(216,1,2,10,'89524056,89527691,89526592,89529798,89521370,89525712,89527483,89526228,89524362,89521607',7,1559638953),(217,1,2,10,'89521536,89524329,89529375,89521843,89529845,89528318,89528253,89528390,89524003,89528914',7,1559638953),(218,1,2,10,'89526341,89529716,89525105,89521337,89524481,89527790,89522744,89523305,89528017,89529081',7,1559638953),(219,1,2,10,'89529014,89521036,89528794,89526557,89524509,89523250,89523154,89526688,89521321,89525165',7,1559638953),(220,1,2,10,'89529943,89522442,89527046,89526500,89527503,89529287,89526777,89522473,89525678,89522193',7,1559638953),(221,1,2,10,'89528108,89521804,89529812,89525629,89525131,89528711,89522749,89523562,89525442,89524913',7,1559638953),(222,1,2,10,'89527832,89522463,89523134,89523629,89527906,89524298,89525801,89524577,89528314,89526539',7,1559638953),(223,1,2,10,'89527535,89522976,89529899,89522152,89526932,89527545,89529006,89526607,89527085,89524503',7,1559638953),(224,1,2,10,'89526478,89523872,89526587,89522569,89527659,89529417,89528533,89525960,89524393,89527210',7,1559638953),(225,1,2,10,'89522516,89525397,89522023,89523719,89529629,89525097,89521393,89529915,89521468,89524779',7,1559638953),(226,1,2,10,'89527848,89525264,89528124,89528663,89524230,89529737,89521193,89527466,89524884,89522801',7,1559638953),(227,1,2,10,'89521767,89525409,89521653,89524426,89528442,89522208,89528881,89523080,89526309,89522084',7,1559638953),(228,1,2,10,'89529411,89529732,89522964,89524755,89528588,89523851,89521499,89525439,89527256,89525406',7,1559638953),(229,1,2,10,'89529510,89523856,89521757,89522865,89523088,89524224,89521936,89527197,89527829,89526262',7,1559638953),(230,1,2,10,'89524137,89526870,89528825,89525189,89529202,89523855,89524671,89529723,89524477,89524618',7,1559638953),(231,1,2,10,'89527461,89526083,89528805,89522130,89526787,89522988,89529529,89522858,89525744,89524657',7,1559638953),(232,1,2,10,'89527493,89528772,89522927,89521808,89528041,89528340,89521427,89527661,89523017,89523532',7,1559638953),(233,1,2,10,'89528839,89523933,89526765,89529815,89521258,89523844,89522127,89522158,89524276,89527113',7,1559638953),(234,1,2,10,'89523449,89525031,89522987,89528957,89522573,89522402,89524985,89529097,89524844,89529740',7,1559638953),(235,1,2,10,'89524365,89522750,89522105,89522013,89528718,89527636,89528700,89523691,89523141,89529972',7,1559638953),(236,1,2,10,'89527473,89527742,89524225,89529479,89523768,89522634,89526065,89521374,89527427,89528337',7,1559638953),(237,1,2,10,'89527255,89523377,89525796,89524319,89521888,89521706,89528717,89521550,89526559,89525080',7,1559638953),(238,1,2,10,'89523535,89526497,89526360,89528718,89529093,89523129,89528885,89523338,89523735,89526916',7,1559638953),(239,1,2,10,'89528230,89522159,89526304,89521826,89522986,89524900,89524145,89523328,89525248,89526780',7,1559638953),(240,1,2,10,'89527102,89524391,89524610,89527517,89522517,89522482,89524165,89522330,89529235,89528572',7,1559638953),(241,1,2,10,'89522507,89528938,89525600,89522129,89522730,89524560,89521455,89523121,89523427,89526915',7,1559638953),(242,1,2,10,'89522144,89529017,89527693,89522220,89528510,89523786,89525122,89528196,89527898,89522898',7,1559638953),(243,1,2,10,'89527806,89522060,89521152,89528319,89525339,89521532,89522614,89528520,89529816,89521829',7,1559638953),(244,1,2,10,'89524129,89525470,89521830,89522672,89522040,89525635,89522475,89528278,89526192,89521987',7,1559638953),(245,1,2,10,'89521344,89529367,89523928,89529993,89521532,89521157,89525091,89524621,89521632,89521367',7,1559638953),(246,1,2,10,'89526026,89521342,89524738,89525215,89527576,89522123,89529444,89523421,89526086,89524434',7,1559638953),(247,1,2,10,'89529842,89529203,89522398,89521242,89524528,89524280,89521856,89528017,89525595,89521871',7,1559638953),(248,1,2,10,'89525304,89528728,89522636,89521694,89529087,89529843,89527746,89527968,89525047,89524331',7,1559638953),(249,1,2,10,'89521518,89522413,89527529,89527661,89525046,89527246,89528376,89523802,89527923,89524186',7,1559638953),(250,1,2,10,'89523932,89528222,89524244,89526452,89524041,89524889,89521602,89524764,89525046,89529274',7,1559638953),(251,1,2,10,'89523090,89523339,89527792,89525344,89527303,89521896,89528621,89528569,89528335,89524655',7,1559638953),(252,1,2,10,'89528378,89522916,89524779,89522334,89523407,89523856,89528728,89528151,89523551,89524356',7,1559638953),(253,1,2,10,'89529778,89523825,89525154,89521885,89522020,89522576,89529060,89527412,89522050,89524122',7,1559638953),(254,1,2,10,'89522612,89529406,89523960,89523682,89524654,89529836,89526345,89529973,89522530,89526169',7,1559638953),(255,1,2,10,'89523299,89529216,89526085,89529376,89522415,89521129,89522660,89527925,89526786,89527931',7,1559638953),(256,1,2,10,'89522101,89523784,89526007,89522340,89529751,89523423,89523171,89526575,89528453,89528809',7,1559638953),(257,1,2,10,'89525873,89522355,89523552,89528413,89528205,89522899,89524891,89524202,89528762,89527926',7,1559638953),(258,1,2,10,'89528815,89522645,89521638,89523653,89527166,89525711,89523425,89527800,89525288,89521869',7,1559638953),(259,1,2,10,'89528219,89526586,89524026,89522088,89525612,89528730,89528722,89523836,89527698,89529449',7,1559638953),(260,1,2,10,'89522222,89529082,89524071,89528464,89527868,89526295,89526826,89529992,89528504,89526443',7,1559638953),(261,1,2,10,'89525554,89524753,89529474,89526996,89523352,89525964,89522622,89529921,89527811,89524346',7,1559638953),(262,1,2,10,'89522291,89523689,89524026,89524117,89529325,89528267,89528591,89524994,89522069,89523124',7,1559638953),(263,1,2,10,'89526599,89522198,89528365,89528229,89525645,89524447,89526558,89523051,89528821,89526960',7,1559638953),(264,1,2,10,'89526491,89527559,89525721,89529455,89524508,89521221,89528441,89527151,89521453,89524006',7,1559638953),(265,1,2,10,'89526572,89528767,89522669,89524383,89523209,89529522,89529000,89524320,89525946,89529134',7,1559638953),(266,1,2,10,'89527791,89521287,89528876,89522822,89528884,89526252,89521593,89528306,89528623,89527683',7,1559638953),(267,1,2,10,'89525191,89522803,89527853,89527550,89529263,89524032,89522917,89523322,89527904,89527213',7,1559638953),(268,1,2,10,'89523659,89525966,89528708,89523063,89526422,89523952,89525766,89524802,89523050,89528249',7,1559638953),(269,1,2,10,'89526675,89523149,89527887,89527325,89525527,89522321,89523777,89523149,89529916,89522039',7,1559638953),(270,1,2,10,'89525064,89522190,89524936,89526520,89523591,89526417,89527180,89526484,89524701,89524297',7,1559638953),(271,1,2,10,'89521743,89526149,89529240,89526801,89525218,89525234,89524550,89522397,89522699,89527957',7,1559638953),(272,1,2,10,'89529475,89522053,89521780,89525038,89522359,89523238,89525553,89529695,89522046,89527922',7,1559638953),(273,1,2,10,'89523614,89523647,89524879,89524572,89528056,89529113,89522703,89524158,89528472,89527811',7,1559638953),(274,1,2,10,'89529861,89524148,89527957,89523961,89529196,89526511,89525104,89526280,89526053,89528716',7,1559638953),(275,1,2,10,'89523007,89529988,89521275,89523732,89529259,89525803,89529206,89527026,89528955,89526944',7,1559638953),(276,1,2,10,'89523690,89522569,89529687,89524131,89528070,89525829,89525551,89521581,89525190,89529774',7,1559638953),(277,1,2,10,'89524139,89528013,89529395,89522873,89528546,89529647,89523527,89525096,89528365,89526201',7,1559638953),(278,1,2,10,'89521931,89524910,89526689,89521893,89525450,89524285,89522114,89525443,89521427,89529689',7,1559638953),(279,1,2,10,'89526731,89523069,89528708,89525092,89521136,89523489,89525635,89525961,89526421,89521924',7,1559638953),(280,1,2,10,'89522053,89525265,89523181,89527091,89523304,89529474,89523510,89525209,89521233,89522556',7,1559638953),(281,1,2,10,'89526000,89524997,89521184,89528980,89524747,89521673,89523999,89523714,89527343,89523957',7,1559638953),(282,1,2,10,'89526024,89522227,89527882,89527068,89528102,89526489,89524959,89521723,89526576,89524967',7,1559638953),(283,1,2,10,'89521666,89521141,89522290,89528631,89525598,89525043,89529588,89525950,89521849,89528645',7,1559638953),(284,1,2,10,'89522314,89527891,89527011,89522667,89523811,89522924,89526180,89529329,89525924,89522018',7,1559638953),(285,1,2,10,'89526947,89521347,89524996,89522641,89523409,89529942,89521870,89526762,89523157,89527831',7,1559638953),(286,1,2,10,'89521891,89522849,89529286,89528234,89525902,89521873,89522390,89521870,89521247,89521300',7,1559638953),(287,1,2,10,'89523563,89521957,89526770,89523101,89522397,89528213,89529814,89524743,89521987,89526859',7,1559638953),(288,1,2,10,'89522224,89528196,89529927,89526612,89527342,89521929,89522310,89522691,89528014,89525909',7,1559638953),(289,1,2,10,'89524730,89523814,89529581,89528606,89522282,89525202,89523889,89522989,89522557,89526572',7,1559638953),(290,1,2,10,'89525281,89524526,89528651,89523143,89525601,89526186,89521158,89523634,89521192,89525438',7,1559638953),(291,1,2,10,'89521170,89523264,89521899,89524250,89527281,89521751,89524064,89529092,89524587,89523315',7,1559638953),(292,1,2,10,'89528532,89523931,89529679,89527673,89522647,89524238,89527652,89521045,89525252,89522980',7,1559638953),(293,1,2,10,'89526099,89521149,89523691,89526626,89528115,89523205,89527807,89528146,89523293,89526930',7,1559638953),(294,1,2,10,'89524945,89525007,89523727,89527544,89524949,89528179,89528011,89524766,89524161,89526130',7,1559638953),(295,1,2,10,'89521238,89522814,89523426,89529829,89529002,89521406,89528087,89527745,89527397,89524763',7,1559638953),(296,1,2,10,'89529989,89521846,89524016,89523601,89525475,89527602,89521954,89522141,89524388,89528981',7,1559638953),(297,1,2,10,'89528804,89529101,89523073,89523451,89529660,89521700,89522373,89521983,89523115,89526656',7,1559638953),(298,1,2,10,'89527632,89522043,89521264,89521188,89521694,89525601,89522700,89523015,89527903,89521127',7,1559638953),(299,1,2,10,'89521517,89527355,89529101,89528587,89525308,89524928,89521634,89527453,89528168,89528953',7,1559638953),(300,1,2,10,'89524344,89528691,89528690,89521147,89524576,89529771,89529968,89523730,89523173,89523661',7,1559638953),(301,1,2,10,'89521595,89527420,89525479,89525831,89524666,89527437,89523338,89529249,89528773,89523498',7,1559638953),(302,1,2,10,'89522093,89522384,89528012,89528823,89522589,89525204,89529975,89525131,89521168,89526178',7,1559638953),(303,1,2,10,'89528757,89525639,89527675,89527276,89522951,89521068,89529454,89525965,89524650,89524635',7,1559638953),(304,1,2,10,'89527348,89524215,89523449,89527060,89526701,89528494,89522442,89523561,89528356,89522771',7,1559638953),(305,1,2,10,'89529222,89522856,89528659,89522515,89528882,89529166,89528451,89529695,89529017,89524208',7,1559638953),(306,1,2,10,'89524077,89523779,89523721,89521201,89525381,89524736,89529586,89528864,89528707,89521034',7,1559638953),(307,1,2,10,'89522708,89524415,89525898,89523644,89528679,89525574,89522298,89521032,89523593,89527560',7,1559638953),(308,1,2,10,'89527750,89524169,89524045,89521090,89529599,89521522,89524127,89528384,89528688,89524061',7,1559638953),(309,1,2,10,'89522434,89522160,89521361,89529254,89522060,89524637,89526462,89521071,89521597,89526535',7,1559638953),(310,1,2,10,'89522335,89523979,89524140,89523071,89527823,89521947,89528283,89522964,89521269,89521445',7,1559638953),(311,1,2,10,'89528120,89521434,89521519,89524441,89522243,89527198,89524914,89528404,89522747,89526476',7,1559638953),(312,1,2,10,'89523301,89526302,89528226,89527987,89522021,89524605,89523774,89526949,89521919,89525281',7,1559638953),(313,1,2,10,'89525983,89523081,89528338,89525798,89528948,89529601,89524122,89528126,89522263,89528229',7,1559638953),(314,1,2,10,'89523616,89529733,89527021,89523183,89527662,89523589,89523816,89523182,89523605,89525161',7,1559638953),(315,1,2,10,'89524743,89523444,89521288,89527419,89528393,89523689,89526055,89527831,89528862,89528135',7,1559638953),(316,1,2,10,'89529750,89528366,89524744,89527501,89528716,89526492,89528131,89526006,89523797,89524180',7,1559638953),(317,1,2,10,'89528617,89523368,89529338,89527896,89529297,89523807,89528181,89521611,89528765,89527040',7,1559638953),(318,1,2,10,'89525670,89529793,89521113,89528287,89522650,89527410,89522935,89527266,89524464,89529931',7,1559638953),(319,1,2,10,'89528326,89528197,89522956,89521326,89526879,89521797,89523469,89526062,89521688,89521287',7,1559638953),(320,1,2,10,'89526847,89528108,89529347,89526383,89529434,89524935,89525949,89523306,89523074,89527509',7,1559638953),(321,1,2,10,'89528088,89529773,89522111,89524300,89529858,89523005,89527388,89526276,89529852,89529719',7,1559638953),(322,1,2,10,'89526248,89521907,89522165,89527133,89528537,89522160,89523390,89523968,89521597,89524506',7,1559638953),(323,1,2,10,'89527621,89524442,89524272,89521912,89524451,89528273,89523906,89529848,89525975,89521680',7,1559638953),(324,1,2,10,'89521343,89523281,89521786,89522382,89521926,89526681,89523978,89525598,89526500,89524017',7,1559638953),(325,1,2,10,'89522144,89522046,89522407,89521757,89528379,89524945,89528493,89521870,89523276,89525014',7,1559638953),(326,1,2,10,'89523100,89521825,89527929,89526472,89525072,89523591,89522931,89529037,89521753,89524636',7,1559638953),(327,1,2,10,'89529377,89527929,89522986,89526929,89527859,89522865,89525117,89527938,89521473,89527065',7,1559638953),(328,1,2,10,'89528987,89529633,89526811,89522248,89521942,89529483,89528968,89521631,89522824,89529455',7,1559638953),(329,1,2,10,'89526537,89524935,89527977,89527020,89522611,89527377,89529246,89524145,89524785,89528677',7,1559638953),(330,1,2,10,'89522974,89527299,89527153,89524053,89528005,89529451,89528308,89522224,89522682,89528070',7,1559638953),(331,1,2,10,'89522343,89527408,89525849,89525125,89525853,89521325,89524851,89527083,89523932,89526193',7,1559638953),(332,1,2,10,'89529530,89526915,89524172,89523731,89527230,89522089,89529669,89527158,89527796,89523573',7,1559638953),(333,1,2,10,'89521015,89527192,89527571,89528837,89528304,89528052,89527398,89521848,89523131,89529457',7,1559638953),(334,1,2,10,'89523622,89527077,89526588,89526626,89526087,89528491,89528270,89528277,89522135,89523559',7,1559638953),(335,1,2,10,'89522271,89529630,89521611,89523250,89525183,89521402,89529858,89525033,89522101,89525813',7,1559638953),(336,1,2,10,'89529721,89521877,89529619,89524581,89526543,89529250,89523831,89521926,89521167,89522121',7,1559638953),(337,1,2,10,'89521329,89526565,89527938,89524959,89525208,89524719,89529699,89521732,89525062,89525104',7,1559638953),(338,1,2,10,'89522794,89527910,89523984,89522941,89526067,89527460,89529569,89526948,89526861,89526853',7,1559638953),(339,1,2,10,'89526909,89523343,89526021,89528056,89523599,89529846,89528889,89528538,89522732,89523675',7,1559638953),(340,1,2,10,'89527311,89521268,89522902,89522549,89526628,89521716,89527203,89521686,89527686,89522848',7,1559638953),(341,1,2,10,'89525229,89529806,89526828,89522135,89529073,89524128,89524898,89521545,89528330,89522369',7,1559638953),(342,1,2,10,'89527239,89527547,89526092,89528748,89525696,89524109,89529953,89524986,89525611,89526701',7,1559638953),(343,1,2,10,'89525008,89524299,89527829,89528291,89527851,89526407,89528694,89526347,89523574,89526529',7,1559638953),(344,1,2,10,'89529049,89522839,89528771,89524384,89525237,89524236,89528537,89524189,89527104,89523505',7,1559638953),(345,1,2,10,'89521465,89525665,89521992,89527116,89528649,89524029,89528745,89528038,89521683,89528000',7,1559638953),(346,1,2,10,'89525708,89523739,89521660,89523798,89522723,89525188,89527174,89529141,89525134,89529854',7,1559638953),(347,1,2,10,'89523319,89521247,89524786,89521706,89526688,89526836,89527022,89525211,89522376,89523126',7,1559638953),(348,1,2,10,'89523685,89524340,89526976,89527835,89529120,89525561,89525582,89527184,89526170,89521842',7,1559638953),(349,1,2,10,'89525787,89529890,89529179,89528652,89521686,89522172,89529991,89529961,89529872,89521749',7,1559638953),(350,1,2,10,'89524950,89523236,89526439,89523840,89523898,89528447,89527980,89528163,89523181,89525062',7,1559638953),(351,1,2,10,'89528590,89529937,89523641,89524050,89526862,89528881,89521623,89522880,89525890,89529214',7,1559638953),(352,1,2,10,'89526970,89523521,89524267,89521655,89527026,89523440,89525088,89528421,89522635,89524608',7,1559638953),(353,1,2,10,'89526945,89522232,89528140,89524493,89523934,89525308,89526386,89525063,89523647,89528365',7,1559638953),(354,1,2,10,'89522715,89523788,89529179,89526624,89526972,89522635,89521123,89528802,89526501,89528074',7,1559638953),(355,1,2,10,'89529572,89521120,89522145,89524074,89526121,89521294,89528248,89526103,89522864,89524545',7,1559638953),(356,1,2,10,'89527653,89527131,89527394,89521591,89525705,89524625,89524804,89525650,89523248,89529554',7,1559638953),(357,1,2,10,'89522689,89527442,89525624,89521388,89524143,89522185,89524678,89529095,89527758,89527598',7,1559638953),(358,1,2,10,'89525754,89523144,89527630,89529900,89529695,89523503,89522351,89528809,89523844,89527642',7,1559638953),(359,1,2,10,'89524015,89528544,89527047,89528528,89522217,89528824,89526646,89523632,89529049,89524868',7,1559638953),(360,1,2,10,'89523485,89523920,89525106,89525394,89522908,89526864,89522482,89525622,89525759,89525430',7,1559638953),(361,1,2,10,'89528769,89525269,89528382,89526088,89529062,89528555,89522619,89521807,89521955,89526199',7,1559638953),(362,1,2,10,'89522816,89528055,89528542,89522418,89529815,89528801,89529415,89525933,89521961,89521513',7,1559638953),(363,1,2,10,'89527669,89522961,89527097,89526162,89521898,89522221,89523568,89522214,89524195,89527933',7,1559638953),(364,1,2,10,'89521215,89529640,89524155,89521815,89525385,89527907,89524870,89526085,89527919,89527985',7,1559638953),(365,1,2,10,'89524935,89522463,89525163,89527343,89527443,89524167,89526959,89527948,89521988,89521916',7,1559638953),(366,1,2,10,'89529652,89527270,89529664,89528929,89525085,89527278,89522065,89526924,89527602,89525440',7,1559638953),(367,1,2,10,'89529284,89529120,89529046,89523725,89522916,89526236,89525763,89528602,89524053,89522491',7,1559638953),(368,1,2,10,'89527594,89524039,89522289,89526603,89521884,89525506,89529719,89524791,89527478,89525971',7,1559638953),(369,1,2,10,'89526937,89525774,89522717,89522902,89526035,89524771,89526447,89527269,89525607,89521501',7,1559638953),(370,1,2,10,'89526011,89527540,89528748,89529181,89522252,89525685,89525051,89529532,89529516,89528171',7,1559638953),(371,1,2,10,'89526610,89526771,89521644,89527968,89523019,89529617,89521981,89522544,89526371,89524290',7,1559638953),(372,1,2,10,'89522371,89522868,89526260,89528508,89528158,89526409,89525780,89528489,89522184,89526135',7,1559638953),(373,1,2,10,'89523524,89523953,89527795,89528516,89522587,89528118,89527834,89526520,89521562,89522703',7,1559638953),(374,1,2,10,'89527643,89526615,89523543,89529926,89528069,89521772,89527123,89522507,89525453,89527457',7,1559638953),(375,1,2,10,'89526397,89522664,89529640,89527640,89528958,89521116,89527973,89528791,89528900,89522082',7,1559638953),(376,1,2,10,'89521297,89523877,89524816,89525280,89523954,89528367,89528801,89525929,89527790,89526230',7,1559638953),(377,1,2,10,'89521448,89523749,89529146,89523935,89523850,89522956,89528868,89523450,89525603,89523272',7,1559638953),(378,1,2,10,'89523299,89522245,89529798,89528913,89522283,89522288,89526031,89521600,89522164,89521048',7,1559638953),(379,1,2,10,'89526395,89523550,89523784,89529493,89529483,89525482,89523488,89527092,89529390,89522616',7,1559638953),(380,1,2,4,'89522121,89524815,89524708,89523669',7,1559638953),(381,4,1,2,'02483654,03654832',2,1560232860),(382,4,1,1,'29183612',1,1560232936),(383,4,1,10,'47516681,47517464,47513741,47512231,47514083,47516065,47514860,47515570,47514069,47517321',7,1560234751),(384,4,1,10,'47517298,47518610,47517482,47514200,47519648,47512070,47511667,47513170,47516004,47518168',7,1560234751),(385,4,1,10,'47515467,47516201,47513959,47518624,47516226,47511762,47516608,47517656,47514788,47519820',7,1560234751),(386,4,1,10,'47513544,47514983,47516497,47519845,47516861,47514824,47513195,47513806,47516152,47516897',7,1560234751),(387,4,1,10,'47519228,47517171,47514512,47516422,47517438,47513910,47519534,47513116,47513170,47519489',7,1560234751),(388,4,1,10,'47516311,47511199,47516267,47517880,47512439,47519389,47514073,47515550,47511009,47514905',7,1560234751),(389,4,1,10,'47516432,47514468,47519617,47515467,47519687,47512102,47514356,47516292,47515682,47519422',7,1560234751),(390,4,1,10,'47511819,47517099,47518762,47515897,47515101,47513108,47511769,47512494,47513794,47513037',7,1560234751),(391,4,1,10,'47518048,47515684,47519994,47512104,47511442,47518434,47514293,47519029,47515295,47518213',7,1560234751),(392,4,1,10,'47517786,47511029,47512450,47516990,47511065,47514825,47517252,47512234,47515226,47516635',7,1560234751),(393,4,1,10,'47512545,47514914,47519861,47516177,47512671,47513498,47519065,47517670,47518475,47518954',7,1560234751),(394,4,1,10,'47511430,47511833,47517301,47519753,47518052,47511884,47518992,47517862,47519523,47517543',7,1560234751),(395,4,1,10,'47519891,47519751,47518937,47515028,47511844,47518388,47514889,47513059,47518193,47511241',7,1560234751),(396,4,1,10,'47519471,47515852,47512782,47518280,47513278,47514129,47518955,47518973,47517403,47512106',7,1560234751),(397,4,1,10,'47519556,47515289,47512441,47518503,47519929,47513697,47519484,47519539,47511916,47516166',7,1560234751),(398,4,1,10,'47519127,47514933,47518863,47511164,47514463,47517902,47514612,47518660,47513087,47519167',7,1560234751),(399,4,1,10,'47513508,47518123,47518091,47513945,47516394,47511521,47519070,47519956,47519614,47514324',7,1560234751),(400,4,1,10,'47519117,47514418,47515012,47519499,47516827,47515049,47516932,47515517,47515292,47517070',7,1560234751),(401,4,1,10,'47517216,47513345,47513107,47511198,47512210,47519452,47513365,47519652,47511756,47517807',7,1560234751),(402,4,1,10,'47514660,47515150,47512199,47514880,47511086,47519913,47514382,47512637,47519237,47515658',7,1560234751),(403,4,1,10,'47514649,47517549,47515206,47515604,47513843,47513584,47515587,47519470,47517309,47516211',7,1560234751),(404,4,1,10,'47514474,47513475,47516891,47518399,47519461,47515337,47517931,47517615,47515641,47511276',7,1560234751),(405,4,1,10,'47512274,47515830,47519608,47519009,47514264,47519511,47516456,47515756,47515744,47512628',7,1560234751),(406,4,1,10,'47513779,47519235,47513058,47519650,47514670,47515666,47516049,47515544,47517723,47513766',7,1560234751),(407,4,1,10,'47512062,47515780,47517032,47517755,47519941,47513327,47511191,47518352,47518028,47514653',7,1560234751),(408,4,1,10,'47512293,47519775,47516168,47512727,47518932,47512742,47519705,47514018,47516202,47519474',7,1560234751),(409,4,1,10,'47511481,47511495,47511696,47512687,47514842,47511625,47517509,47514602,47512630,47516379',7,1560234751),(410,4,1,10,'47514234,47515937,47519190,47514225,47513965,47511911,47517366,47516131,47515295,47511241',7,1560234751),(411,4,1,10,'47512500,47519566,47512319,47518149,47514437,47517500,47512630,47514351,47519520,47516400',7,1560234751),(412,4,1,10,'47519322,47513066,47519594,47518236,47512988,47514014,47511001,47511476,47514723,47512414',7,1560234751),(413,4,1,10,'47512586,47516089,47514120,47516983,47511693,47511544,47514272,47513941,47518165,47517810',7,1560234751),(414,4,1,10,'47513775,47512006,47519346,47514354,47515720,47515398,47516080,47512147,47518703,47514834',7,1560234751),(415,4,1,10,'47513710,47517657,47516817,47514534,47513081,47514852,47517655,47514217,47519535,47519202',7,1560234751),(416,4,1,10,'47515312,47518100,47515918,47514674,47517380,47516904,47516571,47516738,47517955,47514846',7,1560234751),(417,4,1,10,'47513340,47518363,47515629,47511646,47511568,47517018,47513497,47511522,47512099,47514670',7,1560234751),(418,4,1,10,'47519151,47514192,47511276,47517789,47517687,47514877,47518943,47519343,47516697,47513294',7,1560234751),(419,4,1,10,'47513445,47516802,47519276,47513662,47513624,47512134,47515016,47515700,47515824,47511808',7,1560234751),(420,4,1,10,'47516013,47514626,47511890,47517792,47511859,47519160,47516165,47518556,47514648,47515521',7,1560234751),(421,4,1,10,'47511492,47516067,47513975,47512426,47512216,47516796,47512932,47514095,47519180,47513710',7,1560234751),(422,4,1,10,'47519114,47511246,47519729,47513278,47517614,47517098,47514705,47517469,47516027,47513371',7,1560234751),(423,4,1,10,'47518452,47514752,47517445,47513282,47513815,47516096,47511463,47516550,47515136,47518969',7,1560234751),(424,4,1,10,'47519174,47518395,47514261,47516340,47512173,47518534,47516532,47514677,47511552,47512187',7,1560234751),(425,4,1,10,'47513793,47515951,47515906,47517073,47511388,47517628,47519328,47519410,47519161,47512679',7,1560234751),(426,4,1,10,'47511413,47518917,47515455,47516571,47513253,47519812,47519115,47513274,47514443,47512815',7,1560234751),(427,4,1,10,'47517483,47518257,47518076,47511144,47511404,47515487,47513746,47514518,47515222,47511434',7,1560234751),(428,4,1,10,'47513547,47518155,47511780,47517067,47516073,47512775,47515422,47511854,47515417,47511596',7,1560234751),(429,4,1,10,'47517992,47515764,47519173,47514337,47515833,47517266,47512435,47516217,47518789,47518328',7,1560234751),(430,4,1,10,'47511797,47516954,47514205,47516420,47511352,47511768,47511923,47513510,47518694,47518376',7,1560234751),(431,4,1,10,'47517288,47516066,47518917,47513998,47513142,47517058,47519615,47516352,47513831,47513955',7,1560234751),(432,4,1,10,'47514881,47511658,47511198,47517724,47512309,47517633,47519586,47516835,47514993,47511497',7,1560234751),(433,4,1,10,'47512839,47513257,47512527,47519969,47514301,47513458,47517004,47511267,47515816,47519407',7,1560234751),(434,4,1,10,'47518018,47512109,47513728,47519573,47518662,47517716,47517880,47515924,47517532,47518804',7,1560234751),(435,4,1,10,'47515615,47514930,47517720,47519594,47516779,47518559,47517820,47519804,47517714,47515279',7,1560234751),(436,4,1,10,'47511926,47514653,47519264,47516061,47516631,47512859,47517773,47518371,47517030,47518641',7,1560234751),(437,4,1,10,'47514085,47515180,47511716,47513718,47513543,47512955,47512783,47511308,47516992,47513666',7,1560234751),(438,4,1,10,'47518824,47511132,47511775,47514781,47514934,47517406,47516735,47518269,47517706,47511850',7,1560234751),(439,4,1,10,'47519217,47512599,47512233,47516683,47511064,47517739,47515111,47513623,47515620,47513159',7,1560234751),(440,4,1,10,'47511431,47515890,47515729,47518827,47517789,47514201,47516734,47514212,47519278,47512776',7,1560234751),(441,4,1,10,'47519479,47519282,47514491,47511334,47511309,47513506,47515523,47514092,47511066,47516854',7,1560234751),(442,4,1,10,'47511966,47511771,47515095,47517793,47515916,47517588,47515239,47518293,47516965,47513263',7,1560234751),(443,4,1,10,'47516841,47515822,47518208,47512014,47511747,47512349,47518237,47513560,47514299,47514343',7,1560234751),(444,4,1,10,'47511148,47513119,47516342,47514773,47513533,47519411,47514218,47511107,47519486,47518654',7,1560234751),(445,4,1,10,'47517772,47514314,47518602,47519567,47514348,47512863,47513973,47517369,47513788,47517722',7,1560234751),(446,4,1,10,'47513195,47511778,47512438,47517360,47519359,47516013,47511141,47513747,47513061,47511793',7,1560234751),(447,4,1,10,'47515240,47513350,47515393,47512337,47516579,47518139,47515950,47517363,47511502,47516582',7,1560234751),(448,4,1,10,'47517825,47513090,47518853,47519649,47519613,47517238,47516976,47515807,47515406,47516024',7,1560234751),(449,4,1,10,'47515713,47516025,47512799,47518167,47511410,47517773,47514885,47518887,47513909,47514019',7,1560234751),(450,4,1,10,'47511259,47517901,47519555,47511232,47514013,47519430,47511191,47511380,47512742,47514190',7,1560234751),(451,4,1,10,'47512161,47511933,47519539,47515402,47514309,47514859,47514999,47513784,47513978,47517626',7,1560234751),(452,4,1,10,'47511214,47513554,47512013,47513204,47515779,47514432,47513757,47517061,47513787,47511636',7,1560234751),(453,4,1,10,'47511053,47513167,47512832,47513885,47518246,47516989,47516008,47516397,47518179,47512497',7,1560234751),(454,4,1,10,'47512909,47518892,47516195,47515159,47515628,47516589,47513140,47517944,47513759,47518205',7,1560234751),(455,4,1,10,'47514356,47518321,47519396,47518959,47511688,47518258,47513133,47518572,47519478,47515225',7,1560234751),(456,4,1,10,'47516063,47512260,47511571,47511189,47517780,47517743,47511311,47512621,47512378,47512240',7,1560234751),(457,4,1,10,'47519541,47512488,47516451,47513470,47514605,47517259,47515092,47516650,47515346,47519904',7,1560234751),(458,4,1,10,'47515895,47512501,47518109,47517890,47512954,47514240,47514738,47513187,47513863,47512586',7,1560234751),(459,4,1,10,'47519575,47512263,47512714,47511759,47515465,47517087,47517104,47511477,47516751,47516128',7,1560234751),(460,4,1,10,'47512123,47515958,47515278,47511354,47514368,47515922,47516389,47518235,47517931,47515587',7,1560234751),(461,4,1,10,'47511927,47511739,47512406,47514671,47516237,47516334,47518887,47517395,47512162,47515990',7,1560234751),(462,4,1,10,'47517967,47514476,47514047,47517176,47512741,47519133,47513733,47512859,47519802,47513085',7,1560234751),(463,4,1,10,'47516567,47518509,47515244,47518551,47514390,47518095,47515660,47517249,47512548,47518085',7,1560234751),(464,4,1,10,'47515145,47513398,47511883,47511449,47512291,47515717,47517740,47513654,47519194,47519425',7,1560234751),(465,4,1,10,'47512962,47517669,47516447,47515240,47511893,47511964,47516142,47516382,47515377,47516507',7,1560234751),(466,4,1,10,'47516875,47513568,47519757,47519766,47512739,47511018,47516878,47514712,47511327,47517451',7,1560234751),(467,4,1,10,'47512082,47516811,47515734,47519085,47515214,47519034,47515552,47515638,47513618,47518848',7,1560234751),(468,4,1,10,'47513877,47511330,47517137,47518223,47518301,47514880,47513115,47514627,47513919,47512506',7,1560234751),(469,4,1,10,'47511396,47519029,47517323,47512927,47517323,47519898,47513609,47511361,47513740,47519203',7,1560234751),(470,4,1,10,'47519369,47516528,47514991,47514412,47519697,47514646,47512920,47516493,47513188,47514434',7,1560234751),(471,4,1,10,'47512871,47513917,47511934,47511111,47515687,47517651,47514531,47513395,47517712,47516165',7,1560234751),(472,4,1,10,'47515070,47516505,47519789,47511427,47512146,47511160,47518263,47518905,47517854,47519579',7,1560234751),(473,4,1,10,'47513977,47513569,47512786,47514480,47512276,47519887,47518036,47518083,47514002,47512828',7,1560234751),(474,4,1,10,'47514199,47512105,47515499,47516862,47513367,47518766,47517612,47515955,47514135,47519784',7,1560234751),(475,4,1,10,'47516683,47516578,47519596,47519379,47513558,47511699,47519345,47517269,47513579,47516787',7,1560234751),(476,4,1,10,'47516474,47517672,47517590,47515810,47518578,47511307,47512935,47515238,47519750,47511394',7,1560234751),(477,4,1,10,'47518458,47517038,47518584,47517651,47512502,47518681,47518175,47516296,47513911,47513134',7,1560234751),(478,4,1,10,'47517114,47516049,47519030,47515866,47518498,47512128,47519701,47519847,47511918,47513252',7,1560234751),(479,4,1,10,'47512269,47513544,47518469,47514640,47515577,47516926,47518745,47516010,47516969,47518463',7,1560234751),(480,4,1,10,'47515839,47512581,47517289,47511123,47517345,47513072,47512880,47519375,47517357,47512702',7,1560234751),(481,4,1,10,'47513586,47518188,47514469,47511189,47515752,47514029,47511774,47512752,47511220,47517869',7,1560234751),(482,4,1,10,'47516866,47517110,47514334,47518175,47514839,47519482,47516939,47516918,47513287,47519587',7,1560234751),(483,4,1,10,'47515378,47511564,47515303,47512642,47519495,47513083,47519481,47516368,47516633,47518945',7,1560234751),(484,4,1,10,'47519915,47516982,47516636,47513116,47515198,47514203,47515848,47511067,47517425,47512251',7,1560234751),(485,4,1,10,'47515113,47514766,47516189,47519844,47519775,47512682,47514584,47514200,47512677,47515784',7,1560234751),(486,4,1,10,'47511204,47513039,47517162,47512540,47518142,47511579,47516076,47513918,47515992,47518539',7,1560234751),(487,4,1,10,'47514761,47517389,47516848,47511137,47514061,47515920,47519303,47516093,47519320,47515980',7,1560234751),(488,4,1,10,'47517452,47519625,47513382,47519539,47518888,47512452,47519590,47515064,47517704,47516793',7,1560234751),(489,4,1,10,'47511789,47513525,47512496,47514366,47513321,47512390,47515356,47518390,47516032,47513628',7,1560234751),(490,4,1,10,'47515877,47519584,47516264,47514708,47517155,47513167,47514861,47517599,47517782,47516858',7,1560234751),(491,4,1,10,'47517167,47519769,47511853,47516874,47515025,47514186,47515961,47512936,47513781,47516321',7,1560234751),(492,4,1,10,'47515200,47518261,47514276,47519141,47517163,47514568,47512856,47511116,47515944,47515077',7,1560234751),(493,4,1,10,'47519363,47512213,47519138,47519505,47512142,47519903,47511838,47514073,47519035,47518152',7,1560234751),(494,4,1,10,'47519637,47516497,47518388,47513432,47518630,47512998,47511044,47516709,47516409,47512294',7,1560234751),(495,4,1,10,'47511346,47516453,47516070,47518603,47511138,47514632,47516205,47513645,47515765,47517716',7,1560234751),(496,4,1,10,'47519908,47519638,47517069,47518673,47516774,47518301,47511394,47514972,47518895,47513853',7,1560234751),(497,4,1,10,'47517585,47517581,47515866,47515012,47513985,47514970,47519781,47516997,47519438,47518106',7,1560234752),(498,4,1,10,'47511232,47519527,47512287,47515460,47511315,47517821,47511376,47517999,47518622,47511597',7,1560234752),(499,4,1,10,'47513049,47514192,47518247,47514075,47518150,47515008,47517785,47515972,47514022,47517916',7,1560234752),(500,4,1,10,'47511328,47512508,47519510,47515885,47515471,47512402,47512957,47515383,47515307,47519871',7,1560234752),(501,4,1,10,'47513206,47518379,47518431,47516636,47516602,47513342,47518935,47515914,47514988,47511240',7,1560234752),(502,4,1,10,'47515414,47517425,47513708,47518542,47519961,47516386,47513606,47519218,47513170,47512518',7,1560234752),(503,4,1,10,'47511025,47519736,47516136,47519038,47515810,47513064,47518450,47517666,47515303,47514671',7,1560234752),(504,4,1,10,'47514209,47512620,47519350,47517526,47511004,47512619,47515292,47519098,47511930,47512882',7,1560234752),(505,4,1,10,'47512975,47512356,47515581,47513127,47517742,47512768,47516050,47517573,47512437,47513303',7,1560234752),(506,4,1,10,'47511931,47516939,47511403,47511430,47515318,47515444,47515485,47518117,47515805,47512806',7,1560234752),(507,4,1,10,'47512025,47512834,47516485,47513244,47519868,47515549,47515952,47516478,47517358,47514730',7,1560234752),(508,4,1,10,'47517300,47517725,47514338,47512347,47519123,47516704,47516152,47514869,47515514,47517634',7,1560234752),(509,4,1,10,'47514643,47515263,47514067,47511235,47515156,47519999,47517876,47519724,47518534,47513046',7,1560234752),(510,4,1,10,'47516534,47515821,47512122,47518872,47513136,47512743,47514762,47512446,47515275,47519211',7,1560234752),(511,4,1,10,'47513798,47518237,47517045,47512442,47519075,47511213,47517040,47519156,47517936,47515844',7,1560234752),(512,4,1,10,'47518353,47516571,47511224,47516098,47519578,47513406,47513284,47518444,47514808,47513879',7,1560234752),(513,4,1,10,'47515959,47515850,47511639,47517710,47515593,47514785,47513163,47511117,47513030,47517219',7,1560234752),(514,4,1,10,'47517974,47511819,47513614,47511619,47511165,47515035,47518187,47517955,47518332,47511483',7,1560234752),(515,4,1,10,'47514095,47515695,47515567,47514382,47511180,47515808,47519463,47514452,47514787,47515763',7,1560234752),(516,4,1,10,'47515116,47515910,47516759,47517528,47519118,47518475,47513440,47518573,47516564,47517366',7,1560234752),(517,4,1,10,'47514674,47511866,47515047,47512303,47516804,47512876,47517661,47516503,47511675,47514571',7,1560234752),(518,4,1,10,'47513999,47511685,47513629,47514420,47516155,47511069,47514511,47514393,47513724,47514373',7,1560234752),(519,4,1,10,'47519665,47511957,47518799,47516815,47511934,47518082,47511973,47518115,47514662,47512236',7,1560234752),(520,4,1,10,'47514340,47513490,47519692,47514389,47515495,47511661,47514370,47513008,47518531,47516846',7,1560234752),(521,4,1,10,'47517537,47519062,47513041,47519762,47516538,47512021,47511119,47515631,47512217,47511853',7,1560234752),(522,4,1,10,'47511360,47513168,47518918,47516027,47516856,47516595,47519484,47517511,47517202,47516629',7,1560234752),(523,4,1,10,'47519258,47513774,47515492,47517489,47519086,47515786,47519318,47518895,47515310,47512014',7,1560234752),(524,4,1,10,'47513776,47516063,47517774,47513428,47515458,47517715,47513822,47517497,47518458,47519067',7,1560234752),(525,4,1,10,'47513298,47517188,47512371,47519839,47512546,47518971,47518289,47515250,47512408,47515815',7,1560234752),(526,4,1,10,'47516807,47514019,47518230,47514187,47511018,47511363,47512855,47516058,47517517,47516003',7,1560234752),(527,4,1,10,'47519625,47518896,47512396,47514156,47512387,47515670,47512250,47514542,47514482,47512847',7,1560234752),(528,4,1,10,'47511172,47512379,47517754,47512398,47516756,47516385,47518549,47511790,47514097,47512781',7,1560234752),(529,4,1,10,'47517708,47512993,47519786,47519283,47511577,47513476,47518920,47513112,47518998,47515206',7,1560234752),(530,4,1,10,'47519090,47511986,47518316,47515653,47514391,47511124,47519374,47516786,47512417,47519244',7,1560234752),(531,4,1,10,'47518516,47516073,47516261,47513565,47516585,47515483,47515517,47511806,47518927,47512485',7,1560234752),(532,4,1,10,'47513279,47518186,47517383,47518047,47517141,47514423,47517299,47511639,47512196,47513736',7,1560234752),(533,4,1,10,'47519517,47513228,47515038,47515845,47511381,47511285,47519761,47515967,47511736,47516777',7,1560234752),(534,4,1,10,'47515959,47513821,47516925,47518173,47515725,47513627,47518792,47517443,47517653,47515102',7,1560234752),(535,4,1,10,'47513680,47512054,47515837,47513466,47511433,47512976,47517870,47517438,47517395,47517677',7,1560234752),(536,4,1,10,'47517847,47513235,47514410,47519126,47514361,47518578,47516822,47514792,47519506,47519684',7,1560234752),(537,4,1,10,'47516473,47515643,47513876,47516273,47518709,47519149,47518564,47512563,47515373,47518278',7,1560234752),(538,4,1,10,'47514164,47517273,47511808,47519498,47512769,47516621,47517858,47515779,47512975,47519327',7,1560234752),(539,4,1,10,'47511867,47513590,47517874,47511610,47512679,47514898,47517060,47511187,47516637,47517174',7,1560234752),(540,4,1,10,'47513626,47513277,47515586,47513384,47515168,47517600,47514868,47518999,47515777,47519375',7,1560234752),(541,4,1,10,'47515329,47517988,47514049,47518319,47513310,47516818,47513077,47518652,47518658,47517458',7,1560234752),(542,4,1,10,'47511454,47511092,47518714,47517378,47512275,47517859,47514322,47518546,47514133,47511670',7,1560234752),(543,4,1,10,'47519828,47518430,47511121,47514745,47518073,47519001,47519835,47517803,47514403,47517725',7,1560234752),(544,4,1,10,'47516366,47516061,47518660,47516573,47517310,47518240,47518188,47513012,47516760,47519557',7,1560234752),(545,4,1,10,'47513832,47518012,47513309,47519732,47519935,47511041,47519051,47513983,47519341,47512068',7,1560234752),(546,4,1,10,'47514581,47511028,47517393,47518562,47511992,47515088,47514935,47514492,47518877,47516880',7,1560234752),(547,4,1,10,'47517312,47515326,47511330,47511623,47516366,47514033,47514946,47517036,47517441,47517081',7,1560234752),(548,4,1,10,'47514817,47519337,47512382,47517441,47518538,47518246,47515532,47512579,47511203,47517982',7,1560234752),(549,4,1,10,'47518734,47513466,47518404,47518262,47518333,47517569,47516237,47514306,47515173,47517858',7,1560234752),(550,4,1,10,'47512294,47514832,47514596,47511801,47518669,47515059,47517447,47519368,47515957,47514707',7,1560234752),(551,4,1,10,'47511069,47511026,47516250,47517993,47514307,47515744,47518143,47515636,47514504,47512992',7,1560234752),(552,4,1,10,'47515729,47511856,47512503,47513738,47516603,47515370,47513649,47515451,47514857,47512398',7,1560234752),(553,4,1,10,'47518785,47511099,47518086,47511659,47515255,47516152,47511383,47517371,47512903,47514577',7,1560234752),(554,4,1,10,'47511342,47511252,47517072,47512845,47512057,47515523,47519607,47512923,47512122,47511901',7,1560234752),(555,4,1,10,'47516850,47512280,47514630,47513605,47518647,47512886,47518176,47511354,47512339,47512208',7,1560234752),(556,4,1,10,'47516852,47518366,47516772,47512215,47518253,47516361,47519289,47519377,47516472,47518557',7,1560234752),(557,4,1,10,'47511734,47517662,47519103,47515673,47517450,47513539,47511240,47511928,47519282,47517977',7,1560234752),(558,4,1,10,'47518477,47516040,47513572,47519443,47516907,47514229,47519165,47519908,47514124,47515212',7,1560234752),(559,4,1,10,'47514405,47516840,47513222,47514209,47518135,47512207,47512795,47519938,47517698,47512478',7,1560234752),(560,4,1,10,'47515936,47518619,47513940,47519622,47512239,47518969,47512203,47513109,47513798,47516208',7,1560234752),(561,4,1,10,'47513331,47512905,47519206,47519055,47513669,47516481,47513558,47513728,47514059,47516805',7,1560234752),(562,4,1,10,'47513447,47517945,47519845,47511346,47512967,47517927,47513872,47511073,47519712,47513390',7,1560234752),(563,4,1,10,'47519483,47513454,47518775,47517555,47519521,47511457,47517750,47512140,47519331,47511553',7,1560234752),(564,4,1,10,'47519730,47519364,47519756,47515709,47514311,47511945,47517140,47512394,47513585,47512102',7,1560234752),(565,4,1,10,'47512327,47512578,47516145,47519554,47519661,47513728,47516087,47511519,47512984,47517814',7,1560234752),(566,4,1,10,'47512004,47514718,47515642,47513304,47515988,47515367,47519477,47511167,47517635,47513186',7,1560234752),(567,4,1,10,'47511834,47517872,47511038,47512394,47511556,47517388,47512790,47512709,47514987,47516183',7,1560234752),(568,4,1,10,'47516986,47518351,47513971,47516225,47513219,47511037,47513851,47514985,47513582,47512987',7,1560234752),(569,4,1,10,'47515471,47514430,47516671,47514920,47515176,47512030,47516577,47512053,47513808,47518752',7,1560234752),(570,4,1,10,'47511896,47513107,47516712,47514067,47514721,47513299,47515731,47517941,47514645,47512349',7,1560234752),(571,4,1,10,'47516209,47518846,47514762,47514475,47518989,47518748,47513667,47519396,47511416,47515117',7,1560234752),(572,4,1,10,'47514453,47513330,47512334,47518921,47515713,47513997,47518085,47518630,47511541,47516615',7,1560234752),(573,4,1,10,'47511514,47516212,47518532,47511903,47515965,47518136,47512778,47513079,47514281,47517370',7,1560234752),(574,4,1,10,'47519874,47519864,47511805,47511384,47515914,47518474,47518383,47511145,47517490,47517629',7,1560234752),(575,4,1,10,'47512357,47514124,47518698,47512548,47512571,47513288,47518130,47511949,47515369,47515106',7,1560234752),(576,4,1,10,'47518880,47511051,47512595,47512547,47519542,47518574,47518593,47512080,47514211,47511735',7,1560234752),(577,4,1,10,'47516205,47515674,47519479,47517253,47519777,47511797,47511440,47512348,47512151,47511418',7,1560234752),(578,4,1,10,'47515688,47514737,47516672,47512006,47517318,47519641,47516183,47515529,47514922,47517776',7,1560234752),(579,4,1,10,'47516028,47519457,47511594,47513363,47517051,47516757,47514928,47515120,47515596,47513900',7,1560234752),(580,4,1,10,'47519018,47518265,47512505,47512853,47513458,47513518,47513124,47511085,47519341,47514097',7,1560234752),(581,4,1,10,'47518295,47519565,47517262,47519721,47515363,47517762,47519313,47516608,47514171,47516645',7,1560234752),(582,4,1,7,'47515089,47513478,47511063,47513682,47516683,47514549,47515882',7,1560234752);
/*!40000 ALTER TABLE `ydb_joindetail` ENABLE KEYS */;

#
# Structure for table "ydb_login"
#

DROP TABLE IF EXISTS `ydb_login`;
CREATE TABLE `ydb_login` (
  `id` int(11) NOT NULL AUTO_INCREMENT,
  `mid` varchar(255) DEFAULT NULL COMMENT '会员id',
  `num` varchar(255) DEFAULT '0' COMMENT '登录次数以及浏览次数',
  `date` varchar(255) DEFAULT NULL COMMENT '日期',
  `ip` varchar(255) DEFAULT NULL COMMENT '浏览ip',
  `time` varchar(255) DEFAULT NULL COMMENT '上次纪录时间',
  PRIMARY KEY (`id`)
) ENGINE=MyISAM AUTO_INCREMENT=10 DEFAULT CHARSET=utf8 COMMENT='会员登录 统计';

#
# Data for table "ydb_login"
#

/*!40000 ALTER TABLE `ydb_login` DISABLE KEYS */;
INSERT INTO `ydb_login` VALUES (1,'1','1','2018-01-24','123.151.77.74','1516787573'),(5,'5','1','2018-01-25','106.34.4.21','1516847337'),(6,'1','2','2018-01-26',NULL,NULL),(7,'5','1','2018-01-26',NULL,NULL),(8,'1','1','2018-03-06',NULL,NULL),(9,'1','1','2018-04-02',NULL,NULL);
/*!40000 ALTER TABLE `ydb_login` ENABLE KEYS */;

#
# Structure for table "ydb_looppic"
#

DROP TABLE IF EXISTS `ydb_looppic`;
CREATE TABLE `ydb_looppic` (
  `id` int(11) NOT NULL AUTO_INCREMENT,
  `title` varchar(50) NOT NULL DEFAULT '',
  `pic` varchar(50) NOT NULL DEFAULT '',
  `addtime` int(11) NOT NULL DEFAULT '0',
  PRIMARY KEY (`id`)
) ENGINE=MyISAM AUTO_INCREMENT=4 DEFAULT CHARSET=utf8 COMMENT='轮播图表';

#
# Data for table "ydb_looppic"
#

/*!40000 ALTER TABLE `ydb_looppic` DISABLE KEYS */;
INSERT INTO `ydb_looppic` VALUES (1,'轮播图1','/Public/Uploads/2019-05-24/5ce7bfe2beb6d.jpg',1558691810),(2,'轮播图2','/Public/Uploads/2019-05-24/5ce7c0882c421.jpg',1558691976);
/*!40000 ALTER TABLE `ydb_looppic` ENABLE KEYS */;

#
# Structure for table "ydb_member"
#

DROP TABLE IF EXISTS `ydb_member`;
CREATE TABLE `ydb_member` (
  `id` int(11) NOT NULL AUTO_INCREMENT,
  `sex` tinyint(1) NOT NULL DEFAULT '0' COMMENT '0男1女',
  `realname` varchar(10) DEFAULT NULL,
  `nickname` varchar(20) NOT NULL DEFAULT '' COMMENT '昵称',
  `password` varchar(20) NOT NULL DEFAULT '',
  `mobile` varchar(20) NOT NULL DEFAULT '',
  `headimg` varchar(50) DEFAULT NULL,
  `idcard` varchar(18) DEFAULT NULL COMMENT '身份证号',
  `idcard_pic1` varchar(80) DEFAULT NULL,
  `idcard_pic2` varchar(80) DEFAULT NULL,
  `is_vip` tinyint(1) NOT NULL DEFAULT '0' COMMENT '0非vip 1vip',
  `vip_addtime` int(11) DEFAULT NULL,
  `vip_datetime` int(11) DEFAULT NULL COMMENT 'vip到期时间',
  `balance` decimal(10,0) DEFAULT NULL COMMENT '余额',
  `commission` decimal(10,0) DEFAULT NULL COMMENT '佣金',
  `weixin` varchar(20) DEFAULT NULL,
  `alipay` varchar(20) DEFAULT NULL,
  `recommendid` varchar(50) NOT NULL DEFAULT '' COMMENT '推广id（yydb+id）',
  `spreadcode` varchar(100) DEFAULT NULL COMMENT '推广二维码',
  `parentid` varchar(50) DEFAULT NULL COMMENT '自己的父级推广人id',
  `pparentid` varchar(50) DEFAULT NULL COMMENT '自己的父父级推广人id',
  `is_certification` tinyint(1) NOT NULL DEFAULT '0' COMMENT '是否实名认证0 否1是',
  `villagename` varchar(20) DEFAULT NULL COMMENT '小区名称',
  `post_code` int(6) DEFAULT NULL COMMENT '邮编',
  `address` varchar(50) DEFAULT NULL,
  `status` tinyint(1) NOT NULL DEFAULT '0' COMMENT '状态0：正常 1：禁用',
  `addtime` int(11) NOT NULL DEFAULT '0',
  PRIMARY KEY (`id`)
) ENGINE=MyISAM AUTO_INCREMENT=11 DEFAULT CHARSET=utf8 ROW_FORMAT=DYNAMIC;

#
# Data for table "ydb_member"
#

/*!40000 ALTER TABLE `ydb_member` DISABLE KEYS */;
INSERT INTO `ydb_member` VALUES (1,0,'杜新爱','涛涛','e10adc3949ba59abbe56','15294862074','/Public/Uploads/2019-05-21/5ce3504b03ee6.jpg','410781199901285124','http://192.168.1.192/duobao/Public/idcard/2019-06-10/5cfdf89881c6b.png','http://192.168.1.192/duobao/Public/idcard/2019-06-10/5cfdf89dbf20f.jpg',1,1558596905,1590132905,10,10,'weixin1234','alipay1234','yydb1','/Public/qrcode/ZETAeecaf940eea383a6af6bb417b85c13c7.png',NULL,NULL,0,'紫林小区',450000,'河南省郑州市红旗路黄河北街',0,1558320340),(2,0,'王大宝','大宝','e10adc3949ba59abbe56','13298564478','/Public/Uploads/2019-05-29/5cedfc1ecb7b1.jpg',NULL,NULL,NULL,1,1558596921,1590132921,0,0,'weixin123','alipay123','yydb2','',NULL,NULL,0,NULL,NULL,'郑州市文化路36号',1,1558506672),(3,1,'岳青峰','清风','e10adc3949ba59abbe56','15236894463','/Public/Uploads/2019-05-31/5cf0eb2575a54.jpg',NULL,NULL,NULL,1,1560394182,1592016577,0,0,'','','yydb3','/Public/qrcode/ZETAede8aa47a87006203bf7ba219ea8b539.png','yydb1',NULL,0,NULL,NULL,NULL,0,1559291652),(4,0,'王静宇','小宇','e10adc3949ba59abbe56','15836964462','/Public/Uploads/2019-05-31/5cf0eb422d895.jpg',NULL,NULL,NULL,0,NULL,NULL,0,0,'','','yydb4',NULL,'yydb2',NULL,0,NULL,NULL,NULL,0,1559291908),(5,1,'王静茹','静静','e10adc3949ba59abbe56','15638924463','/Public/Uploads/2019-05-31/5cf0eb4e43309.jpg',NULL,NULL,NULL,1,1560757178,1592379585,0,0,'','','yydb5',NULL,'yydb3','yydb1',0,NULL,NULL,NULL,0,1559292118),(6,0,'张亚新','鑫鑫','e10adc3949ba59abbe56','13642385549','/Public/Uploads/2019-05-31/5cf0eb5c84931.jpg',NULL,NULL,NULL,0,NULL,NULL,0,0,'','','yydb6',NULL,'yydb4','yydb2',0,NULL,NULL,NULL,0,1559292452),(7,0,'系统会员','系统会员','','15299863074','/Public/Uploads/2019-06-04/5cf64e5682cec.jpg',NULL,NULL,NULL,0,NULL,NULL,0,0,'','','yydb7',NULL,NULL,NULL,0,NULL,NULL,NULL,0,1559299604),(8,0,'王小二','小二','e10adc3949ba59abbe56','',NULL,NULL,NULL,NULL,0,NULL,NULL,NULL,NULL,NULL,NULL,'yydb8',NULL,NULL,NULL,0,NULL,NULL,NULL,0,1560754586),(9,0,'王秀丽','小丽','e10adc3949ba59abbe56','',NULL,NULL,NULL,NULL,0,NULL,NULL,NULL,NULL,NULL,NULL,'',NULL,NULL,NULL,0,NULL,NULL,NULL,0,1560754708),(10,0,'王晓燕','晓燕','','',NULL,NULL,NULL,NULL,0,NULL,NULL,NULL,NULL,NULL,NULL,'',NULL,NULL,NULL,0,NULL,NULL,NULL,0,1560755236);
/*!40000 ALTER TABLE `ydb_member` ENABLE KEYS */;

#
# Structure for table "ydb_memrankset"
#

DROP TABLE IF EXISTS `ydb_memrankset`;
CREATE TABLE `ydb_memrankset` (
  `id` int(11) NOT NULL AUTO_INCREMENT,
  `rankname` varchar(50) NOT NULL DEFAULT '' COMMENT '等级名称',
  `price` decimal(6,0) NOT NULL DEFAULT '0',
  `detail` text NOT NULL,
  PRIMARY KEY (`id`)
) ENGINE=MyISAM AUTO_INCREMENT=3 DEFAULT CHARSET=utf8 COMMENT='会员等级设置';

#
# Data for table "ydb_memrankset"
#

/*!40000 ALTER TABLE `ydb_memrankset` DISABLE KEYS */;
INSERT INTO `ydb_memrankset` VALUES (1,'普通会员',0,'普通会员推广没有返佣，但可正常参加夺宝活动'),(2,'VIP会员',268,'VIP会员可享有推广返佣福利，凡是经自己推广的二级以内的VIP会员都可得到不同金额的返佣奖励，夺宝跟拿返佣两不误。。。');
/*!40000 ALTER TABLE `ydb_memrankset` ENABLE KEYS */;

#
# Structure for table "ydb_news"
#

DROP TABLE IF EXISTS `ydb_news`;
CREATE TABLE `ydb_news` (
  `id` int(11) NOT NULL AUTO_INCREMENT,
  `user_id` int(11) NOT NULL DEFAULT '0',
  `news_name` varchar(50) NOT NULL DEFAULT '' COMMENT '消息名称',
  `news_content` varchar(100) NOT NULL DEFAULT '' COMMENT '消息内容',
  `money` decimal(4,0) NOT NULL DEFAULT '0' COMMENT '返佣金额',
  `status` tinyint(2) NOT NULL DEFAULT '0' COMMENT '佣金领取状态0未领取1已领取',
  `addtime` int(11) NOT NULL DEFAULT '0',
  PRIMARY KEY (`id`)
) ENGINE=MyISAM AUTO_INCREMENT=3 DEFAULT CHARSET=utf8 COMMENT='消息表';

#
# Data for table "ydb_news"
#

/*!40000 ALTER TABLE `ydb_news` DISABLE KEYS */;
INSERT INTO `ydb_news` VALUES (1,1,'返佣消息','你有一个待领取的佣金，请注意查收',10,0,1560739672),(2,2,'返佣消息','你有一个待领取的佣金，请注意查收',15,0,1560739724);
/*!40000 ALTER TABLE `ydb_news` ENABLE KEYS */;

#
# Structure for table "ydb_notice"
#

DROP TABLE IF EXISTS `ydb_notice`;
CREATE TABLE `ydb_notice` (
  `id` int(11) NOT NULL AUTO_INCREMENT,
  `title` varchar(20) NOT NULL DEFAULT '',
  `detail` varchar(200) NOT NULL DEFAULT '' COMMENT '详情',
  `author` varchar(10) NOT NULL DEFAULT 'admin' COMMENT '发布者',
  `type` tinyint(1) NOT NULL DEFAULT '0' COMMENT '0公告1任务',
  `addtime` int(11) NOT NULL DEFAULT '0',
  PRIMARY KEY (`id`)
) ENGINE=MyISAM AUTO_INCREMENT=4 DEFAULT CHARSET=utf8 ROW_FORMAT=DYNAMIC;

#
# Data for table "ydb_notice"
#

/*!40000 ALTER TABLE `ydb_notice` DISABLE KEYS */;
INSERT INTO `ydb_notice` VALUES (2,'任务1','参与200人次夺宝活动就有机会获得10元佣金奖励，更多任务奖励活动正在策划中，敬请期待','admin',1,1558700575),(3,'公告1','一元夺宝，好玩又有趣的APP即将隆重上线，欢迎各位朋友踊跃下载，成为VIP会员后，还将享有推广返佣福利哦，更多任务奖励也即将陆续推出，一款真正年轻人的夺宝APP。','admin',0,1559894361);
/*!40000 ALTER TABLE `ydb_notice` ENABLE KEYS */;

#
# Structure for table "ydb_opacity"
#

DROP TABLE IF EXISTS `ydb_opacity`;
CREATE TABLE `ydb_opacity` (
  `id` int(11) NOT NULL AUTO_INCREMENT,
  `opacity` varchar(255) DEFAULT NULL COMMENT '透明值',
  PRIMARY KEY (`id`)
) ENGINE=MyISAM AUTO_INCREMENT=2 DEFAULT CHARSET=utf8 COMMENT='透明度设置';

#
# Data for table "ydb_opacity"
#

/*!40000 ALTER TABLE `ydb_opacity` DISABLE KEYS */;
INSERT INTO `ydb_opacity` VALUES (1,'2');
/*!40000 ALTER TABLE `ydb_opacity` ENABLE KEYS */;

#
# Structure for table "ydb_order"
#

DROP TABLE IF EXISTS `ydb_order`;
CREATE TABLE `ydb_order` (
  `id` int(11) NOT NULL AUTO_INCREMENT,
  `order_no` varchar(20) NOT NULL DEFAULT '0',
  `order_name` varchar(50) NOT NULL DEFAULT '' COMMENT '商品名称+商品期数+会员名',
  `duobao_id` int(11) NOT NULL DEFAULT '0',
  `user_id` int(11) NOT NULL DEFAULT '0',
  `buy_num` decimal(6,0) DEFAULT NULL COMMENT '购买数量',
  `lucky_number` varchar(20) NOT NULL DEFAULT '' COMMENT '幸运号码',
  `money` decimal(6,0) NOT NULL DEFAULT '0' COMMENT '应付金额',
  `type` tinyint(1) NOT NULL DEFAULT '0' COMMENT '0余额1微信2支付宝',
  `status` tinyint(1) NOT NULL DEFAULT '0' COMMENT '0待付款1已付款',
  `addtime` int(11) NOT NULL DEFAULT '0',
  PRIMARY KEY (`id`)
) ENGINE=MyISAM AUTO_INCREMENT=4 DEFAULT CHARSET=utf8 ROW_FORMAT=DYNAMIC;

#
# Data for table "ydb_order"
#

/*!40000 ALTER TABLE `ydb_order` DISABLE KEYS */;
INSERT INTO `ydb_order` VALUES (1,'1','OPPO A37第一期涛',1,1,1,'02456896',1,0,1,1558436756),(2,'2','OPPO A37第2期大宝',1,2,1,'02483678',1,0,0,1558610616),(3,'3','OPPO A37第3期涛',13,1,2,'78563248,78624463',2,2,1,1560767932);
/*!40000 ALTER TABLE `ydb_order` ENABLE KEYS */;

#
# Structure for table "ydb_payorder"
#

DROP TABLE IF EXISTS `ydb_payorder`;
CREATE TABLE `ydb_payorder` (
  `id` int(11) NOT NULL AUTO_INCREMENT,
  `order_no` varchar(50) NOT NULL DEFAULT '',
  `order_name` varchar(50) NOT NULL DEFAULT '',
  `user_id` int(11) NOT NULL DEFAULT '0',
  `money` varchar(20) NOT NULL DEFAULT '' COMMENT '订单金额',
  `type` tinyint(2) NOT NULL DEFAULT '0' COMMENT '支付方式0微信1支付宝',
  `status` tinyint(2) NOT NULL DEFAULT '0' COMMENT '0未付款1已付款',
  `addtime` int(11) NOT NULL DEFAULT '0',
  PRIMARY KEY (`id`)
) ENGINE=MyISAM DEFAULT CHARSET=utf8 COMMENT='付费订单（加会员、充值）';

#
# Data for table "ydb_payorder"
#

/*!40000 ALTER TABLE `ydb_payorder` DISABLE KEYS */;
/*!40000 ALTER TABLE `ydb_payorder` ENABLE KEYS */;

#
# Structure for table "ydb_returnmoneyset"
#

DROP TABLE IF EXISTS `ydb_returnmoneyset`;
CREATE TABLE `ydb_returnmoneyset` (
  `id` int(11) NOT NULL AUTO_INCREMENT,
  `memrankname` varchar(50) NOT NULL DEFAULT '' COMMENT '会员等级名称',
  `one_level` decimal(6,0) NOT NULL DEFAULT '0' COMMENT '一级返佣金额',
  `two_level` decimal(6,0) NOT NULL DEFAULT '0' COMMENT '二级返佣金额',
  `three_level` decimal(6,0) NOT NULL DEFAULT '0' COMMENT '三级返佣金额',
  `info` text NOT NULL COMMENT '分销返佣说明',
  PRIMARY KEY (`id`)
) ENGINE=MyISAM AUTO_INCREMENT=2 DEFAULT CHARSET=utf8 COMMENT='分销返佣设置';

#
# Data for table "ydb_returnmoneyset"
#

/*!40000 ALTER TABLE `ydb_returnmoneyset` DISABLE KEYS */;
INSERT INTO `ydb_returnmoneyset` VALUES (1,'VIP会员',60,40,20,'特此说明：返佣奖励仅针对VIP会员，并且推广别人成为VIP付费会员才能获得返佣奖励。。。。。。。。');
/*!40000 ALTER TABLE `ydb_returnmoneyset` ENABLE KEYS */;

#
# Structure for table "ydb_showwin"
#

DROP TABLE IF EXISTS `ydb_showwin`;
CREATE TABLE `ydb_showwin` (
  `id` int(11) NOT NULL AUTO_INCREMENT,
  `user_id` int(11) NOT NULL DEFAULT '0',
  `good_id` int(11) NOT NULL DEFAULT '0',
  `good_no` int(11) NOT NULL DEFAULT '0',
  `good_name` varchar(20) NOT NULL DEFAULT '',
  `good_pic` varchar(50) NOT NULL DEFAULT '',
  `comment` varchar(100) DEFAULT NULL,
  `addtime` int(11) NOT NULL DEFAULT '0',
  PRIMARY KEY (`id`)
) ENGINE=MyISAM AUTO_INCREMENT=3 DEFAULT CHARSET=utf8 ROW_FORMAT=DYNAMIC;

#
# Data for table "ydb_showwin"
#

/*!40000 ALTER TABLE `ydb_showwin` DISABLE KEYS */;
INSERT INTO `ydb_showwin` VALUES (1,1,1,1,'OPPO A37','/Public/Uploads/2019-05-21/5ce3b0f38c5d3.jpg','感觉挺不错的。。。',1558515836);
/*!40000 ALTER TABLE `ydb_showwin` ENABLE KEYS */;

#
# Structure for table "ydb_syscount"
#

DROP TABLE IF EXISTS `ydb_syscount`;
CREATE TABLE `ydb_syscount` (
  `id` int(11) NOT NULL AUTO_INCREMENT,
  `number` varchar(255) DEFAULT '0' COMMENT '会员登录次数',
  `browse` varchar(255) DEFAULT '0' COMMENT '总访问量',
  `date` varchar(255) DEFAULT '' COMMENT '日期 2017-12-28',
  PRIMARY KEY (`id`)
) ENGINE=MyISAM AUTO_INCREMENT=9 DEFAULT CHARSET=utf8 COMMENT='网站统计';

#
# Data for table "ydb_syscount"
#

/*!40000 ALTER TABLE `ydb_syscount` DISABLE KEYS */;
INSERT INTO `ydb_syscount` VALUES (1,'2','159','2018-01-26'),(2,'0','3','2018-02-03'),(3,'0','9','2018-02-06'),(4,'0','14','2018-02-12'),(5,'0','39','2018-02-28'),(6,'0','5','2018-03-02'),(7,'1','9','2018-03-06'),(8,'1','13','2018-04-02');
/*!40000 ALTER TABLE `ydb_syscount` ENABLE KEYS */;

#
# Structure for table "ydb_system"
#

DROP TABLE IF EXISTS `ydb_system`;
CREATE TABLE `ydb_system` (
  `id` int(11) NOT NULL AUTO_INCREMENT,
  `fee` decimal(6,3) NOT NULL DEFAULT '0.000' COMMENT '提现手续费',
  `weixincode` varchar(50) NOT NULL DEFAULT '' COMMENT '平台客服微信二维码',
  `weixin` varchar(20) NOT NULL DEFAULT '' COMMENT '平台客服微信号',
  `appid` varchar(50) NOT NULL DEFAULT '',
  `appsecretkey` text NOT NULL COMMENT '应用私钥',
  `alipaykey` text NOT NULL COMMENT '支付宝公钥',
  PRIMARY KEY (`id`)
) ENGINE=MyISAM AUTO_INCREMENT=2 DEFAULT CHARSET=utf8 COMMENT='系统设置';

#
# Data for table "ydb_system"
#

/*!40000 ALTER TABLE `ydb_system` DISABLE KEYS */;
INSERT INTO `ydb_system` VALUES (1,0.004,'/Public/Uploads/2019-05-29/5cedf6d543285.jpg','weixin12','2019061065487752','MIIEpAIBAAKCAQEAzQ283yfU/ZoikvVNEfSYl6jkm9cLfxNzw0ta7vJRx/XOmlDkz8omzTSLbUROQ7eiRHeUd+t+fi6t/0+kOG/U/UjT/k7I+fS7BTQevh9mDRQCCxMvPmTXO5k1lZp8HlOyhJrzdfJphNtPWg22MJBO6QO3LVn52UrjU8lgXqFgdhhv8DOXmTdKhjEm4bKiEufc8iNifr29vZ3PeB58DhzCm+DzLHooD+NnByyt1inSW6VeLM30H4n8M0vFVBUl7yxhGJaTrSBUX8jkTUf1I/3abxM1ygRtkwv2qJLqtySqzEKU04q7JaLD2BA+f1T9uv4XEvvpUT9At/UwyehPjB9v6QIDAQABAoIBAQCiCeIgAm0Ivt3lfd0afEx9RGTrVaNrFycaxBimzGyd9HwAbD50iY3iCUzI2vpx/tJHAqwbm8gI1MCBCiF+y7jnMr77rqyZAbEsqoREv7E4UoBO2ikySCPhn++9OigtGvzuVzhfE2IZL+lkA4PempsQ/fOp7flHoitEUdVK0oHUr46BEPIYZYuPuTk8VGEW+qI/Xyg6nxGa195S0pIqiXhshnoU8SY4caHd2Q3qZugEzLswscoNRK5mKqisYSjDq3BKhZTVqpXHdNcd5wSh9a9K2qRpDf6pCwavF7CO94rV5QK5RIiVHeTb45CB91gD5d7o6LC28FW0La/6WDipXLa1AoGBAO/LzWFyDEBLDkobEb1MsRzmiXR4c/dS7x3Zn+ujbjp4zGBVjkmyDz+9vtjSlXqz+WpZW8TW4dWGgWHVu+fGAYKahO1ykJTfKZVCSOWrhDDOW+h16DGnHpEOhvTxz0zp9rJz9DxExq2P3ATPpURx/II+ABQ2Q/csCaH43UBrW76LAoGBANro7l6PuiJQCCjoRft9u+rHWDAlIH5rn8tdT07ND9Pj/dtc9pRf72sTGXQ115Yzr+1BImEJQzBu920kcZZIbUU7E0TXxBVxjXTOCXQE3lujJfuEJ9J6ueVNVlnbLn6xwCsgBJR4wUQFni3xlspquU8KevT3OkeIPE7jCQR+Dy3bAoGBAKQF56or9K1VqaSO94dgmhWGq6b7bXdTRzRH09e+pntgfYu3eeh2329ePtjY0l5oFMbl8Jun0DnaE030gN981TOctiglIThznWH3QR24QGeR/9P2MqkkAwh9w1pwvLeDobdXEUzYTn4R1RGFZyp2PZ5pAmzQ4ZSEjuI39D9IMC0ZAoGALNl6NM93kB4bfd4QsHTTMkfDLqH8pUoBhBXK8NccfgoA8Zd7QWziTWqtVVzOnYxbZ91nYMAYDu09LhRAXUzbbkqrKPiXyNjp5VttHmL894NWfdBWpE3Wlj8hCOnZ/cUHHQ7DQXP4DKql/L25aiExdBsuk8+vFga4bGUhbNUy4O8CgYA50g9J/QVnOYw3jKmQtPqQSVPdFyCw4GT2KN3WS5CxyxkQNHYTkSq1JB7mNafqMLNG/ztEJ73EbYKbq8LMxoVNuELNjeTbewLKub/jST2+/RCfqZFvm3j2Oq6rp4lOgI0MCQ0HZVINow9heCHICxXDpcHn/pfjumf3uTY5vEu5/A==','');
/*!40000 ALTER TABLE `ydb_system` ENABLE KEYS */;

#
# Structure for table "ydb_verificationcode"
#

DROP TABLE IF EXISTS `ydb_verificationcode`;
CREATE TABLE `ydb_verificationcode` (
  `id` bigint(20) unsigned NOT NULL AUTO_INCREMENT COMMENT '表id',
  `total` int(10) unsigned NOT NULL DEFAULT '0' COMMENT '当天已经发送成功的次数',
  `createtime` int(11) unsigned NOT NULL DEFAULT '0' COMMENT '最后发送成功时间',
  `expire_time` int(10) unsigned NOT NULL DEFAULT '0' COMMENT '验证码过期时间',
  `code` varchar(20) CHARACTER SET utf8 NOT NULL DEFAULT '' COMMENT '最后发送成功的验证码',
  `receiver` varchar(100) CHARACTER SET utf8 NOT NULL DEFAULT '' COMMENT '手机号或者邮箱',
  PRIMARY KEY (`id`)
) ENGINE=InnoDB AUTO_INCREMENT=4 DEFAULT CHARSET=utf8mb4 COMMENT='手机邮箱数字验证码表';

#
# Data for table "ydb_verificationcode"
#

INSERT INTO `ydb_verificationcode` VALUES (1,22,1560139259,300,'925953','17530233290'),(2,12,1560157629,300,'762887','15294862074'),(3,3,1560138865,300,'886578','18037469365');

#
# Structure for table "ydb_winlog"
#

DROP TABLE IF EXISTS `ydb_winlog`;
CREATE TABLE `ydb_winlog` (
  `id` int(11) NOT NULL AUTO_INCREMENT,
  `good_id` int(11) NOT NULL DEFAULT '0',
  `good_no` int(11) NOT NULL DEFAULT '0' COMMENT '商品期数',
  `user_id` int(11) NOT NULL DEFAULT '0',
  `wintime` int(11) NOT NULL DEFAULT '0',
  `winnumber` text NOT NULL COMMENT '中奖号码',
  `status` tinyint(1) NOT NULL DEFAULT '0' COMMENT '0异常1 正常',
  PRIMARY KEY (`id`)
) ENGINE=MyISAM AUTO_INCREMENT=6 DEFAULT CHARSET=utf8 ROW_FORMAT=DYNAMIC;

#
# Data for table "ydb_winlog"
#

/*!40000 ALTER TABLE `ydb_winlog` DISABLE KEYS */;
INSERT INTO `ydb_winlog` VALUES (1,1,1,1,1558438054,'02456896',1),(3,5,1,7,1559525329,'53298350',1),(4,1,2,7,1559638953,'89528876',1),(5,4,1,2,1560234752,'03654832',1);
/*!40000 ALTER TABLE `ydb_winlog` ENABLE KEYS */;

#
# Structure for table "ydb_withdrawlog"
#

DROP TABLE IF EXISTS `ydb_withdrawlog`;
CREATE TABLE `ydb_withdrawlog` (
  `id` int(11) NOT NULL AUTO_INCREMENT,
  `user_id` int(11) NOT NULL DEFAULT '0',
  `user_headimg` varchar(50) NOT NULL DEFAULT '',
  `user_phone` varchar(50) NOT NULL DEFAULT '',
  `money` decimal(6,0) NOT NULL DEFAULT '0',
  `fee` decimal(6,0) NOT NULL DEFAULT '0',
  `realmoney` decimal(6,0) NOT NULL DEFAULT '0',
  `type1` tinyint(1) NOT NULL DEFAULT '0' COMMENT '流出方0余额1佣金',
  `type2` tinyint(1) NOT NULL DEFAULT '0' COMMENT '流入方0微信1支付宝',
  `status` tinyint(1) NOT NULL DEFAULT '0' COMMENT '0审核中1已打款2已拒绝',
  `applytime` int(11) NOT NULL DEFAULT '0',
  `refusetime` int(11) DEFAULT NULL,
  `paytime` int(11) DEFAULT NULL,
  PRIMARY KEY (`id`)
) ENGINE=MyISAM AUTO_INCREMENT=3 DEFAULT CHARSET=utf8 ROW_FORMAT=FIXED;

#
# Data for table "ydb_withdrawlog"
#

/*!40000 ALTER TABLE `ydb_withdrawlog` DISABLE KEYS */;
INSERT INTO `ydb_withdrawlog` VALUES (1,1,'/Public/Uploads/2019-05-21/5ce3504b03ee6.jpg','15295864367',20,0,20,0,0,1,1558525664,NULL,1558602168),(2,2,'/Public/Uploads/2019-05-23/5ce63fcba2cd6.jpg','13298564478',30,0,30,0,0,2,1558602328,1558602538,NULL);
/*!40000 ALTER TABLE `ydb_withdrawlog` ENABLE KEYS */;
